"","valor_beta","valor_muB","valor_muE","valor_muI","valor_rho","maximo","tiempo_maximo","tiempo_mayor_infectados","parasitemia_en_valor_maximo"
"1",69.445,42.22,31.915,78.735,88.13,861445535.115184,0.001,0.001,100
"2",53.255,59.4,0.325,2.05,74.395,890845494.50762,0.03,0.026,99.9999999999999
"3",2.53,27.525,24.85,54.27,96.31,879272409.890713,0.001,0.001,100
"4",99.41,1.95,86.99,87.845,39.82,764036371.949023,0.002,0.002,100
"5",30.585,21.465,9.63,85.59,78.88,869455176.068494,0.001,0.001,100
"6",97.635,86.6,27.955,19.48,96.4,844860766.818328,0.003,0.003,100
"7",0.61,76.79,99.955,92.29,59.495,NA,NA,0.001,NA
"8",14.985,83.895,5.05,62.19,76.245,892601200.860645,0.001,0.001,100
"9",8.345,87.91,29.85,76.485,42.66,821751944.971717,0.002,0.002,100
"10",50.4,43.17,26.305,20.855,0.405,1e+07,0,0.291,1.0989010989011
"11",65.975,37.145,95.14,29.275,81.9,780848077.247709,0.002,0.002,100
"12",58.655,14.185,38.665,31.545,61.585,817248091.385355,0.003,0.002,100
"13",13.035,67.78,88.44,94.54,33.715,758327695.693587,0.002,0.002,100
"14",19.96,82.205,81.605,4.045,32.39,206129412.036667,0.024,0.02,100
"15",66.505,14.42,97.59,63.86,51.07,772492173.942323,0.002,0.002,100
"16",6.54,15.76,92.455,22.43,30.355,557580526.871129,0.007,0.006,100
"17",97.52,53.455,29.515,97.89,39.14,797511385.44297,0.002,0.002,100
"18",11.215,56.245,85.12,40.095,97.88,806936119.842751,0.002,0.001,100
"19",30.2,59.605,3.245,18.49,69.18,881736913.666535,0.004,0.004,100
"20",67.84,24.83,49.07,19.08,53.085,747217747.137388,0.005,0.004,100
"21",12.86,65.7,77.29,95.425,72.52,834864713.267759,0.001,0.001,100
"22",70.4,77.8,8.155,52.085,99.6,890160785.274331,0.001,0.001,100
"23",96.92,90.865,48.765,92.13,78.385,847738918.466093,0.001,0.001,100
"24",16.415,97.36,61.68,95.395,75.79,840955581.008144,0.001,0.001,100
"25",30.205,73.05,8.3,82.61,9.01,749927871.71417,0.007,0.006,100
"26",13.465,49.33,52.095,38.94,3.255,179972418.368184,0.033,0.028,100
"27",0.595,6.15,66.255,74.38,18.155,690368514.286863,0.004,0.003,100
"28",51.405,15.88,43.62,86.355,87.98,851496840.989206,0.001,0.001,100
"29",56.255,2.555,30.625,6.17,83.6,733246997.105429,0.009,0.008,100
"30",89.45,65.465,16.585,65.55,31.675,813684014.340643,0.003,0.002,100
"31",17.765,64.44,66.125,44.245,55.2,807259483.89832,0.002,0.002,100
"32",68.655,89.29,23.815,40.535,5.2,483496707.383173,0.023,0.02,100
"33",84.71,22.24,36.185,12.24,42.83,698197618.624074,0.009,0.008,100
"34",28.51,26.82,37.135,77.585,98.38,858004207.422467,0.001,0.001,100
"35",56.625,10.995,71.555,62.97,21.67,691958965.281771,0.004,0.003,100
"36",54.73,64.895,28.61,39.63,74.66,851793291.911551,0.002,0.002,100
"37",18.72,41.415,83.625,34.04,79.405,797723125.019117,0.002,0.002,100
"38",52.585,29.575,47.545,24.875,33.06,712912463.434829,0.006,0.005,100
"39",69.23,84.525,41.505,62.225,19.82,753389138.323512,0.004,0.004,100
"40",95.085,40.46,24.545,59.39,30.03,816690995.049146,0.003,0.003,100
"41",80.4,36.2,73.645,77.06,62.61,844613315.047485,0.001,0.001,100
"42",75.135,19.295,26.985,71.56,10.89,698532617.737641,0.006,0.006,95.4139746962876
"43",40.775,18.72,18.46,71.98,95.595,870477716.330255,0.001,0.001,100
"44",14.02,28.635,6.12,49.65,85.71,854477339.495016,0.002,0.001,100
"45",18.355,59.055,76.88,60.505,79.07,846339519.125182,0.001,0.001,100
"46",53.05,53.795,59.75,48.94,94.69,859461244.929718,0.001,0.001,100
"47",9.33,7.315,65.575,58.7,50.02,802566615.307423,0.002,0.002,100
"48",25.39,29.795,45.12,39.915,36.4,766018643.30841,0.004,0.003,100
"49",25.15,43.405,19.445,19.34,24.22,749386820.291686,0.01,0.009,100
"50",47.465,55.35,72.135,69.2,1.165,18525980.6504962,0.054,0.046,96.7381620851126
"51",37.19,7.8,23.475,71.08,88.295,870662248.727607,0.001,0.001,100
"52",7.18,6.455,27.3,41.2,92.06,848943050.923471,0.002,0.002,100
"53",74.66,79.09,2.92,49.825,19.27,848898370.102103,0.005,0.005,100
"54",21.355,85.9,42.435,61.78,66.645,817702703.102393,0.002,0.001,100
"55",24.34,53.845,78.87,80.755,68.905,840404217.60293,0.001,0.001,100
"56",96.17,47.075,43.225,97.02,21.88,745179910.817052,0.003,0.002,100
"57",9.52,83.585,60.865,45.8,55.89,813399231.257918,0.002,0.002,100
"58",67.48,29.8,7.655,74.9,68.535,884662737.49151,0.001,0.001,100
"59",21.055,70.825,17.205,86.87,59.04,875660348.35177,0.001,0.001,99.9999999999999
"60",65.7,89.14,53.585,35.6,1.86,55539842.4871575,0.056,0.047,97.3895711107746
"61",49.07,73.33,35.1,18.835,91.555,832130372.97726,0.003,0.003,100
"62",89.725,74.5,41.21,73.155,58.14,807350884.112669,0.002,0.001,100
"63",46.38,7.12,33.345,39.015,30.48,791750153.031325,0.004,0.004,100
"64",4.335,19.965,21.52,83.67,47.6,813878930.064855,0.002,0.001,100
"65",68.035,76.325,40.875,40.97,95.755,838479271.009111,0.002,0.001,100
"66",64.32,68.2,33.795,47.46,87.79,837237598.972162,0.002,0.001,100
"67",34.825,32.895,43,40.6,6.445,428697361.069278,0.017,0.015,97.0010263453665
"68",62.78,11.495,92.04,1.85,73.985,196695653.831697,0.023,0.018,100
"69",71.88,65.995,25.675,27.38,52.005,819050739.374718,0.004,0.003,100
"70",60.825,82.46,6.65,75.47,48.015,837568119.369835,0.002,0.002,100
"71",5.59,71.335,9.935,73.63,73.095,881763899.950311,0.001,0.001,100
"72",85.285,23.425,4.995,59.17,46.76,867180291.484711,0.002,0.002,99.9999999999999
"73",16.68,59.365,94.73,22.925,76.43,738968700.752193,0.003,0.003,100
"74",79.025,41.785,45.63,51.795,61.64,826059297.329606,0.002,0.002,100
"75",77.485,61.39,37.91,23.835,68.77,822147769.1445,0.003,0.003,100
"76",94.39,27.605,46.85,19.675,82.02,809130612.642548,0.003,0.003,100
"77",23.145,0.35,53.81,24.61,51.86,762028685.630257,0.004,0.003,100
"78",23.68,68.02,56.155,35.15,10.41,492247848.808498,0.012,0.01,100
"79",77.61,45.99,25.11,96.57,27.015,828076149.576645,0.002,0.002,100
"80",20,75.685,68.145,52.26,78.645,808643332.53204,0.002,0.001,100
"81",60.1,22.87,42.775,4.92,82.86,636795640.524655,0.011,0.009,100
"82",92.735,48.125,78.005,84.91,94.5,838460500.47382,0.001,0.001,100
"83",75.665,0.67,72.46,41.675,40.995,754404490.87742,0.003,0.003,100
"84",69.09,72.705,30.375,34.935,74.96,853816559.606786,0.002,0.002,100
"85",35.1,55.985,55.565,59.67,20.26,725425518.441796,0.004,0.004,100
"86",62.475,46.825,20.265,9.31,81.01,818162426.648589,0.006,0.005,100
"87",36.915,84.035,16.34,15.38,85.565,853509848.764816,0.004,0.003,100
"88",18.435,67.09,24.795,89.31,4.41,524119802.883199,0.013,0.012,93.9276977196269
"89",38.97,92.15,87.43,39.56,69.28,791335936.108429,0.002,0.002,100
"90",20.65,46.775,86.575,60,30.61,722785005.249994,0.003,0.003,100
"91",46.64,5.53,30.495,70.245,69.805,873012731.067297,0.001,0.001,100
"92",53.735,11.95,83.6,87.79,95.155,834991663.3417,0.001,0.001,100
"93",40.96,31.2,88.895,72.145,98.8,839696320.050819,0.001,0.001,100
"94",34.18,3.84,85.67,89.185,60.875,834256586.458037,0.001,0.001,100
"95",97.985,61.05,91.09,55.44,0.8,1e+07,0,0.051,1.0989010989011
"96",73.635,74.02,45.56,10.055,45.755,637785155.302275,0.01,0.008,100
"97",19.565,5,35.225,87,67.105,860848067.295641,0.001,0.001,100
"98",66.805,81.045,14,48.165,41.51,837172849.665245,0.003,0.002,100
"99",14.445,37.225,87.625,20.485,57.015,691307302.954868,0.004,0.004,100
"100",36.215,84.24,56,65.86,37.27,809098508.324196,0.002,0.002,100
"101",98.815,61.74,20.885,18.185,64,839285206.546622,0.004,0.004,100
"102",29.825,45.085,26.005,32.395,24.555,770903229.627426,0.006,0.005,100
"103",88.065,39.345,16.9,30.96,97.525,869562587.549071,0.002,0.002,100
"104",72.655,11.115,8.605,35.915,99.025,870300435.582935,0.002,0.002,100
"105",50.455,57.025,89.84,93.345,53.88,830938201.601501,0.001,0.001,100
"106",95.325,35.285,28.44,55.325,21.045,792440578.155437,0.004,0.004,100
"107",70.055,99.34,62.59,94.165,94.04,838719163.038965,0.001,0.001,100
"108",99.17,49.97,81.365,24.435,90.98,793402553.780976,0.002,0.002,100
"109",52.31,3.08,94.93,44.155,27.97,663133938.684456,0.004,0.003,100
"110",39.78,63.965,90.755,9.165,65.18,554855506.278433,0.007,0.006,100
"111",40.305,62.49,20.74,65.005,67.8,828083937.517611,0.002,0.001,100
"112",65.545,89.985,30.06,79.705,51.21,810234344.304142,0.002,0.001,100
"113",92.84,60.97,98.83,10.41,15.955,203195178.615297,0.02,0.016,100
"114",79.43,83.28,36.54,7.44,11.775,267588058.488788,0.042,0.034,100
"115",50.605,63.045,3.57,42.02,28.835,862873533.627775,0.004,0.004,100
"116",18.865,29.365,56.72,14.045,48.495,668973903.703654,0.007,0.006,100
"117",71.725,10.335,52.34,75.32,6.67,506718371.701889,0.01,0.008,100
"118",42.895,51.21,46.42,43.695,58.66,830737459.527774,0.002,0.002,100
"119",42.62,28.07,74.68,9.41,79.955,647192882.229396,0.006,0.005,100
"120",86.985,15.195,37.365,30.21,32.755,762869394.255278,0.005,0.004,100
"121",3.66,72.86,92.8,90.015,75.805,830470725.215144,0.001,0.001,100
"122",37.305,50.855,89.655,38.275,63.515,783515150.565926,0.002,0.002,100
"123",72.985,38.995,63.83,16.71,62.4,718162509.525657,0.005,0.004,100
"124",48.77,30.93,7.81,31,2.035,259553493.170043,0.102,0.09,100
"125",62,66.98,77.095,43.395,11.89,495263090.553678,0.009,0.008,100
"126",51.215,73.595,41.65,69.085,9.695,651573344.737893,0.007,0.006,100
"127",62.045,25.735,36.625,28.52,97.785,850815151.674908,0.002,0.002,100
"128",87.97,69.85,97.855,88.15,69.535,828590438.74537,0.001,0.001,100
"129",5.91,85.685,51.76,9.825,49.21,626865911.382404,0.009,0.008,100
"130",98.23,58.9,93.34,15.985,49.13,600455085.43467,0.006,0.005,100
"131",58.875,93.825,82.275,1.58,57.795,145956997.004302,0.03,0.024,99.9999999999997
"132",35.325,49.055,17.005,46.035,87,851553530.249139,0.002,0.001,100
"133",49.86,98.66,33.84,4.37,77,645333726.514502,0.013,0.011,100
"134",45.77,66.325,86.07,21.45,38.7,618794672.19584,0.006,0.005,100
"135",62.325,26.575,14.945,97.585,14,771139174.776433,0.004,0.003,100
"136",36.625,34.51,14.35,93.7,47.315,804375162.921204,0.002,0.001,100
"137",98.15,52.64,68.4,26.89,17.725,537032440.695614,0.009,0.008,100
"138",78.16,38.46,7.32,37.105,24.69,819437283.03709,0.006,0.005,100
"139",36.01,26.675,50.235,11.39,23.955,490656192.175907,0.015,0.013,100
"140",94.945,30.765,74.05,32.57,34.85,705131721.250787,0.004,0.004,100
"141",79.935,81.795,82.905,60.85,31.84,728649743.943976,0.003,0.002,100
"142",34.395,9.625,4.225,33.6,71.025,888966713.103022,0.002,0.002,100
"143",8.12,67.59,27.68,17.62,10.26,494492131.410146,0.024,0.021,100
"144",48.49,60.025,75.28,0.88,44.18,64800992.4423593,0.05,0.038,100
"145",78.66,14.89,79.765,78.295,96.815,840894925.547655,0.001,0.001,99.9999999999999
"146",64.585,77.275,56.86,14.69,44.36,661635239.232521,0.007,0.006,100
"147",93.805,19.465,97.765,53.17,16.505,587643116.007262,0.005,0.005,100
"148",30.865,50.17,24.055,99.54,56.13,864409122.366477,0.001,0.001,100
"149",53.94,42.19,40.49,38.165,34.505,776328806.513184,0.004,0.003,100
"150",37.715,44.69,85.46,15.075,67.905,671440819.47435,0.005,0.004,100
"151",49.51,92.485,44.6,26.5,50.715,780985812.344438,0.004,0.003,100
"152",87.66,23.8,25.915,12.49,17.08,567303792.907655,0.021,0.017,100
"153",73.835,16.015,29.395,21.195,4.3,250419364.143137,0.047,0.039,100
"154",54.035,10.795,14.79,83.54,65.66,875265864.610811,0.001,0.001,100
"155",61.51,78.33,60.445,73.835,2.61,186398805.389103,0.025,0.022,100
"156",43.2,58.735,58.825,91.355,25.6,796570447.215754,0.002,0.002,100
"157",20.245,88.295,57.995,45.47,70.61,819596066.747435,0.002,0.002,100
"158",84.395,4.795,90.855,98.115,99.835,827113150.330852,0.001,0.001,100
"159",67.03,46.15,93.41,69.79,31.38,710834632.988822,0.003,0.002,100
"160",99.815,43.24,23.795,93.95,36.18,812038961.541794,0.002,0.002,100
"161",31.82,58.455,62.81,5.56,7.96,76239559.6243439,0.053,0.041,100
"162",91.265,95.295,48.155,74.655,52.925,802628919.762595,0.002,0.001,100
"163",68.375,5.36,86.345,29.61,22.145,556979893.478746,0.007,0.006,100
"164",91.79,21.12,46.065,16.435,84.9,791761688.717466,0.004,0.003,100
"165",24.185,52.265,60.385,88.455,50.27,781163795.465447,0.001,0.001,91.7103151471837
"166",35.515,91.705,34.935,68.875,39.6,828813005.285522,0.002,0.002,100
"167",90.815,72.4,1.125,29.54,19.695,834770866.461082,0.009,0.007,100
"168",47.83,6.755,74.495,53.38,52.745,796671294.30235,0.002,0.002,100
"169",51.78,24.325,80.805,8.795,97.205,660394723.051299,0.005,0.005,100
"170",71.165,30.28,32.91,4.6,59.715,605696905.006773,0.016,0.013,100
"171",63.255,62.01,6.81,51.575,68.22,858854144.012558,0.002,0.002,100
"172",85.495,75.25,84.32,91.795,35.76,NA,NA,0.002,NA
"173",26.035,46.555,15.81,60.22,77.325,886331570.068223,0.001,0.001,100
"174",0.035,23.085,54.29,14.875,36.45,634893793.501044,0.008,0.007,100
"175",63.74,95.545,65.385,76.96,18.48,688468685.265756,0.004,0.003,100
"176",72.185,68.76,15.16,96.645,52.4,875034921.850773,0.001,0.001,100
"177",95.845,33.9,34.075,40.29,22.435,750464147.336488,0.005,0.005,98.4460815128316
"178",17.365,54.795,98.38,80.59,57.93,828385212.931147,0.001,0.001,100
"179",50.17,89.6,41.895,26.72,89.605,843705951.588256,0.002,0.002,100
"180",90.2,47.45,57.315,43.82,35.08,773788618.17093,0.003,0.003,100
"181",56.545,92.875,18.11,99.665,11.585,720561130.105798,0.005,0.004,100
"182",12.105,83.605,67.83,92.58,73.405,840276662.695056,0.001,0.001,100
"183",90.49,11.275,55.095,17.315,34.215,640342961.294404,0.008,0.007,100
"184",59.225,34.315,4.135,72.8,70.23,887578466.623587,0.001,0.001,100
"185",63.505,2.31,60.645,74.12,21.44,750821161.446901,0.003,0.003,100
"186",21.845,69.765,39.205,88.685,3.43,390013826.645177,0.017,0.015,99.3596605041691
"187",63.915,48.81,34.41,77.995,47.145,812105316.999242,0.002,0.002,100
"188",20.975,22.715,87.205,72.835,16.85,652805545.840078,0.004,0.004,100
"189",4.78,12.035,91.995,54.41,70.915,788872013.165951,0.002,0.001,100
"190",10.11,69.39,27,34.655,98.52,855808097.240104,0.002,0.002,100
"191",98.4,12.895,19.175,37.555,40.08,817856276.857443,0.004,0.003,100
"192",39.945,40.28,33.005,69.855,26.18,793217475.562098,0.003,0.003,99.9999999999999
"193",51.065,38.335,84.535,67.325,62.02,783938054.045284,0.002,0.001,100
"194",9.775,22.2,97.04,84.27,3.73,243572780.94295,0.014,0.012,100
"195",28.95,1.335,10.07,52.89,15.15,807064612.785871,0.006,0.005,100
"196",82.955,61.94,0.84,89.75,75.595,871637445.699628,0.001,0.001,100
"197",8.55,77,77.59,96.155,89.905,NA,NA,0.001,NA
"198",27.55,65.24,31.15,19.95,48.775,791204037.611451,0.005,0.004,100
"199",71.585,9.86,1.455,36.57,55.57,867407622.491327,0.003,0.002,100
"200",87.115,35.055,13.495,57.59,40.525,867752358.02793,0.002,0.002,100
"201",26.45,80.25,51.53,33.57,84.39,832221581.93725,0.002,0.002,100
"202",60.725,95.835,70.775,47.935,43.81,758764483.359438,0.003,0.002,100
"203",5.77,27.235,62.23,52.44,9.26,502327591.171278,0.01,0.008,100
"204",26.895,40.6,48.34,86.715,57.56,857470816.789327,0.001,0.001,100
"205",84.415,31.42,74.805,97.685,13.78,654227678.501665,0.004,0.003,100
"206",31.755,17.385,35.67,22.375,9.585,466099051.14816,0.02,0.017,98.5828628411858
"207",50.92,82.795,17.555,53.725,23.4,814396959.50263,0.004,0.004,100
"208",80.715,13.8,84.735,41.91,65.985,792984458.805378,0.002,0.002,100
"209",84.16,18.4,88.14,79.515,39.79,768804155.570734,0.002,0.002,100
"210",10.295,66.49,17.65,37.91,72.195,865980344.166173,0.002,0.002,100
"211",15.795,85.035,70.255,68.735,31.145,738588132.920988,0.003,0.002,100
"212",3.825,3.235,91.25,52.75,15.58,565861803.801154,0.006,0.005,100
"213",34.455,12.245,63.31,80.095,15.285,693622180.068776,0.004,0.004,100
"214",87.55,29.12,85.825,41.185,73.3,796041839.627523,0.002,0.002,100
"215",21.58,38.75,35.99,97.32,5.53,536704090.345478,0.01,0.008,100
"216",27.08,31.245,5.665,27.44,64.545,875580604.087205,0.003,0.003,100
"217",4.11,93.2,36.82,2.97,16.71,165614755.306857,0.061,0.049,100
"218",14.67,93.8,37.555,13.745,60.445,759357672.322717,0.006,0.005,100
"219",48.225,83.105,66.525,90.595,83.835,840537375.919832,0.001,0.001,100
"220",73.545,13.29,15.575,46.53,52.52,867389056.779993,0.002,0.002,100
"221",13.6,62.885,97.21,81.245,58.44,829142179.974378,0.001,0.001,100
"222",17.07,52.955,58.2,36.03,56.565,786347799.577271,0.003,0.002,100
"223",11.965,35.405,83.25,65.64,10.675,527067320.786716,0.007,0.006,100
"224",76.65,9.49,75.01,85.185,32.025,777631268.935468,0.002,0.002,100
"225",24.745,82.125,53.19,36.735,13.32,582730027.866459,0.009,0.008,100
"226",33.72,73.935,61.355,12.665,56.21,663823024.977553,0.006,0.006,98.8130035499199
"227",72.22,56.065,93.095,82.975,8.865,501799100.401833,0.006,0.006,95.1681118689508
"228",3.415,74.605,78.62,54.785,43.335,787465761.827217,0.002,0.002,100
"229",43.905,97.43,98.44,78.485,25.32,NA,NA,0.002,NA
"230",53.52,25.075,21.065,64.65,20.555,791330081.377018,0.004,0.003,100
"231",27.735,41.86,26.475,50.16,20.035,770753380.746286,0.005,0.004,100
"232",16.97,98.525,91.615,58.44,63.715,784797179.666507,0.002,0.002,100
"233",52.07,94.73,54.045,67.77,54.175,805217757.788763,0.002,0.002,100
"234",0.83,10.155,87.14,81.795,61.25,835387431.418858,0.001,0.001,100
"235",46.415,33.085,55.285,1.22,88.745,254931450.759158,0.031,0.025,100
"236",64.925,19.1,98.01,70.725,84.65,834415690.218359,0.001,0.001,100
"237",17.42,13.745,59.915,89.44,4.705,404717838.585702,0.012,0.01,100
"238",60.265,78.69,57.12,26.015,72.835,795038846.958605,0.003,0.002,100
"239",16.14,79.44,47.13,56.39,86.37,865893184.556232,0.001,0.001,100
"240",8.95,31.85,71.615,47.64,89.565,811164711.14496,0.002,0.001,100
"241",25.425,75.925,28.045,57.23,49.815,841645190.220404,0.002,0.002,100
"242",29.305,90.355,64.95,79.05,29.65,793649157.222072,0.002,0.002,100
"243",12.635,1.715,10.515,38.665,27.675,824616056.805809,0.005,0.004,100
"244",56.89,76.49,24.235,8.805,39.235,697496297.354441,0.013,0.011,100
"245",41.165,80.87,35.43,89,33.36,812399177.391599,0.002,0.002,100
"246",23.855,24.565,67.31,64.53,41.235,796883452.311103,0.002,0.002,100
"247",32.935,15.33,73.895,88.375,42.365,773063052.465633,0.002,0.002,100
"248",58.03,17,51,6.91,67.325,623710681.449693,0.01,0.008,100
"249",15.055,68.995,40.21,80.905,3.86,405378294.195268,0.016,0.014,96.9169372729012
"250",36.4,72.51,81.985,30.76,88.48,801668927.367385,0.002,0.002,100
"251",7.49,40.875,2.71,68.33,4.11,651516529.20057,0.02,0.018,100
"252",44.43,54,12.735,23.045,66.025,869843700.929776,0.003,0.003,100
"253",28.145,36.78,31.385,50.4,90.745,878081634.382696,0.001,0.001,100
"254",55.35,78.415,61.085,26.25,20.675,595385910.153197,0.008,0.007,100
"255",0.355,30.135,62.02,16.06,83.19,758643982.977688,0.004,0.003,100
"256",94.755,91.87,44.61,62.59,37.96,824758992.320843,0.002,0.002,100
"257",1.6,55.54,47.25,57.695,28.09,783040416.910155,0.003,0.003,100
"258",79.225,26.335,11.95,63.795,76.035,886819551.973109,0.001,0.001,100
"259",88.68,87.29,20,79.865,22.985,805951824.182024,0.003,0.003,100
"260",69.88,81.935,80.53,46.91,85.2,804493139.804504,0.002,0.001,100
"261",22.435,7.565,21.31,21.93,29.59,783132808.720899,0.007,0.006,100
"262",58.56,87.155,95.92,13.275,26.41,394064103.871671,0.011,0.01,100
"263",10.725,17.7,37.615,91.895,8.03,630684404.034844,0.007,0.006,100
"264",57.185,12.445,11.17,37.275,37.63,837949427.547554,0.004,0.003,100
"265",6.36,71.095,51.085,37.66,10.135,513519978.254278,0.012,0.01,100
"266",27.83,12.785,65.1,67.87,13.04,612333461.734795,0.006,0.005,100
"267",68.925,64.655,42.04,64.025,14.82,718081668.877449,0.005,0.005,100
"268",57.655,32.29,21.695,6.535,1.255,14843256.9135066,0.237,0.18,99.5141335504249
"269",31.045,49.425,12.305,81.43,58.365,883496831.218661,0.001,0.001,100
"270",54.535,97.055,19.685,70.115,78.435,876451832.557565,0.001,0.001,100
"271",38.145,14.39,79.88,66.45,77.68,843746452.148939,0.001,0.001,100
"272",16.37,88.955,8.965,45.235,54.265,876278205.527751,0.002,0.002,100
"273",9.055,63.555,48.425,90.955,18.895,757204492.635846,0.003,0.003,100
"274",32.605,86.395,9.545,25.12,19.04,796512361.446035,0.01,0.009,100
"275",91.89,63.37,25.54,9.745,70.495,785112012.532564,0.007,0.006,99.9999999999999
"276",18.14,84.84,94.42,30.435,48.965,717886797.557573,0.003,0.003,100
"277",11.585,50.6,70.18,2.245,54.415,226426831.111519,0.027,0.022,100
"278",64.155,44.385,1.385,34.535,66.425,894182031.050433,0.002,0.002,100
"279",13.29,70.135,59.12,23.395,88.93,799244002.952371,0.003,0.002,100
"280",54.895,13.12,71.355,69.57,23.2,735715433.616292,0.003,0.003,100
"281",3.355,22.565,95.215,84.425,42.095,760464595.069121,0.002,0.002,100
"282",78.895,74.8,64.635,89.93,91.22,840841273.790417,0.001,0.001,100
"283",41.845,90.715,44.855,59.88,19.525,749713186.829762,0.004,0.004,100
"284",46.075,37.88,18.77,25.98,24.88,769259063.762403,0.007,0.006,97.4512412663077
"285",86.05,91.05,78.475,46.22,71.945,802014126.350304,0.002,0.002,100
"286",95.45,57.205,52.75,42.965,66.9,825146150.382899,0.002,0.002,100
"287",86.335,36.29,1.655,5.215,26.38,836602639.599973,0.034,0.029,100
"288",33.995,18.885,77.83,82.33,2.8,188061539.210712,0.02,0.017,100
"289",43.545,60.345,90.235,98.935,69.66,827956181.357737,0.001,0.001,100
"290",87.255,73.735,3,58.165,16.26,844655248.370537,0.005,0.005,100
"291",12.58,47.705,84.095,66.155,95.915,843328428.096356,0.001,0.001,100
"292",54.24,70.21,80.375,1.06,96.645,170000539.824631,0.028,0.023,100
"293",45.38,4.015,93.9,28.26,35.405,634875351.852446,0.005,0.004,100
"294",61.135,72.035,13.785,7.655,24.085,675792500.327175,0.024,0.021,100
"295",88.58,17.46,69.015,7.97,21.31,292121477.437993,0.021,0.018,100
"296",55.915,87.565,5.915,56.645,77.815,846485722.356832,0.002,0.001,100
"297",55.175,6.805,45.99,35.78,37.13,767728567.426482,0.004,0.003,100
"298",64.7,54.995,25.3,51.895,36.605,818659034.364706,0.003,0.003,100
"299",94.56,57.515,30.955,42.615,15.79,718446611.409461,0.007,0.006,100
"300",81.08,20.055,5.215,78.885,8.335,749408932.432158,0.008,0.007,100
"301",45.41,23.225,95.7,17.44,36.935,546685332.22988,0.007,0.006,100
"302",22.31,28.93,59.335,77.24,72.705,851895925.707641,0.001,0.001,100
"303",82.035,94.07,61.825,70.93,71.33,853087681.730596,0.001,0.001,100
"304",6.645,2.165,41.115,27.7,32.95,752821259.944497,0.005,0.005,100
"305",15.81,5.945,64.58,33.3,43.085,738688054.121189,0.004,0.003,100
"306",93.165,24.745,11.595,78.105,16.14,808916644.960683,0.004,0.004,100
"307",11.09,88.75,8.56,1.69,73.72,712572912.994926,0.035,0.03,100
"308",82.24,41.085,73,14.55,14.54,318727218.490677,0.018,0.015,100
"309",59.665,79.87,34.64,8.4,12.615,327446339.076776,0.036,0.03,99.9999999999999
"310",19.195,16.68,81.505,85.225,93.26,837037239.02326,0.001,0.001,100
"311",49.685,96.165,63.485,25.505,77.47,788659869.729769,0.003,0.002,100
"312",61.77,56.655,80.045,31.325,25.415,614458226.769421,0.006,0.005,100
"313",48.87,27.05,53.695,63.365,0.97,1e+07,0,0.073,1.0989010989011
"314",9.865,95.795,79.595,41.56,45.385,749164630.985718,0.003,0.002,100
"315",76.955,33.58,7.185,58.895,8.595,749264097.67487,0.01,0.009,100
"316",42.23,44.95,57.785,8.155,90.055,691992686.771308,0.006,0.005,100
"317",70.715,21.98,99.655,15.465,60.75,628335269.990163,0.005,0.004,100
"318",12.33,56.405,76.535,36.22,25.97,656397663.670256,0.005,0.004,100
"319",55.575,33.365,38.08,38.47,44.6,811460144.640524,0.003,0.003,100
"320",38.58,36.6,27.53,53.425,80.45,835410889.933673,0.002,0.001,100
"321",6.055,93.045,18.94,6.71,17.935,517704847.188472,0.035,0.03,100
"322",57.825,40.12,48.87,45.615,76.675,827939082.320407,0.002,0.002,100
"323",65.3,60.58,91.46,99.97,78.035,826599287.336258,0.001,0.001,100
"324",42.16,79.27,38.835,2.425,80.875,491953946.703346,0.021,0.017,100
"325",47.605,20.92,90.49,39.38,27.53,653023807.742028,0.004,0.004,98.535596641199
"326",52.875,56.86,76.35,90.78,91.675,836126738.835314,0.001,0.001,100
"327",80.015,51.64,88.275,3.975,38.59,223698259.250667,0.021,0.017,99.9999999999999
"328",38.33,42.83,51.345,90.27,98.71,844392540.938343,0.001,0.001,100
"329",76.21,96.68,58.515,61.005,90.21,857510734.440326,0.001,0.001,100
"330",85,66.125,99.275,72.22,25.19,695805981.90562,0.003,0.003,100
"331",92.375,97.925,13.905,84.025,7.595,712528981.305118,0.008,0.007,100
"332",8.715,63.625,64.125,49.4,60.165,810191323.762364,0.002,0.002,100
"333",46.96,32,68.84,43.185,28.585,712512746.29338,0.004,0.004,100
"334",44.21,92.645,75.66,55.13,28.655,737150639.198292,0.003,0.003,100
"335",90.275,76.885,22.1,75.89,7.745,652233407.846864,0.009,0.008,100
"336",2.355,69.425,2.28,27.055,53.4,868288720.896913,0.004,0.003,100
"337",7.25,57.8,32.355,25.38,85.36,833803002.704154,0.003,0.002,100
"338",93.31,42.79,82.53,42.295,18.26,592329500.488459,0.006,0.005,100
"339",31.3,35.895,92.7,56.965,77.14,789242505.598546,0.002,0.001,100
"340",98.64,52.15,65.995,13.4,41.04,598832638.900141,0.008,0.007,100
"341",1.235,64.305,71.19,79.35,4.94,378379434.670119,0.012,0.01,100
"342",2.68,6.3,15.3,32.95,93.43,869428817.669414,0.002,0.002,100
"343",74.34,75.585,87.93,10.81,38.025,462226703.195991,0.01,0.008,100
"344",81.905,50.615,10.95,68.175,44.93,848920700.0934,0.002,0.002,100
"345",11.67,35.605,40.15,33.085,17.4,669141097.714285,0.008,0.007,100
"346",59.57,62.225,85.22,12.995,26.795,418690275.285127,0.012,0.01,100
"347",3.09,89.565,69.295,87.24,91.155,840643204.972662,0.001,0.001,100
"348",77.095,99.94,16.055,75.6,14.395,763329762.303881,0.005,0.004,100
"349",97.1,25.9,96.115,50.775,90.42,835627048.158715,0.001,0.001,100
"350",4.885,7.79,92.315,71.725,40.33,768990675.137846,0.002,0.002,100
"351",60.45,28.51,51.855,24.33,67.535,798150302.429197,0.003,0.003,100
"352",70.52,37,5.43,94.995,91.82,858284412.008534,0.001,0.001,100
"353",82.555,80.53,46.72,31.8,50.465,800760235.479191,0.003,0.003,100
"354",93.565,13.4,65.8,57.92,80.265,853686291.575068,0.001,0.001,100
"355",24.535,44.16,33.525,86.495,34.18,816106432.912046,0.002,0.002,100
"356",29.62,24.055,3.9,56.43,61.895,857694027.405355,0.002,0.002,100
"357",61.29,99.505,70.535,20.755,7.2,219412376.216828,0.024,0.02,98.9219696822646
"358",58.345,50.34,69.765,62.685,54.86,796985628.181043,0.002,0.002,100
"359",56.065,43.72,7.485,93.165,22.26,800171849.415262,0.003,0.002,100
"360",78.37,90.13,89.565,81.155,62.215,NA,NA,0.001,NA
"361",32.51,1.44,72.87,28.085,5.88,219658500.070035,0.023,0.019,99.9999999999998
"362",88.31,80.2,70.985,96.93,30.95,772993917.656733,0.002,0.002,100
"363",44.74,58.265,9.29,21.66,96.015,870894042.7154,0.003,0.002,100
"364",33.495,93.45,0.725,48.505,65.545,871361703.594156,0.002,0.002,100
"365",47.015,0.09,73.42,2.615,74.06,324448274.229626,0.019,0.015,100
"366",23.325,20.42,79.035,15.8,79.32,720491448.219896,0.004,0.003,100
"367",44.145,52.555,59.5,45.155,51.64,813692789.179752,0.002,0.002,100
"368",89.955,2.675,99.065,98.77,81.62,824309208.856521,0.001,0.001,100
"369",85.975,18.055,22.72,85.845,0.2,1e+07,0,NA,1.0989010989011
"370",83.755,38.06,94.33,0.5,23.15,20235848.9515911,0.064,0.042,100
"371",2.89,34.845,49.56,31.775,46.34,768348903.2218,0.004,0.003,100
"372",43.695,10.58,26.72,66.95,80.785,873807061.16183,0.001,0.001,100
"373",35.755,85.285,95.425,57.065,32.56,713947313.811097,0.003,0.003,100
"374",34.79,25.47,75.59,44.635,64.715,801735026.254734,0.002,0.002,100
"375",97.205,88.14,72.76,8.365,45.485,493173729.331429,0.011,0.009,100
"376",17.905,32.51,47.825,51.4,70.07,823977634.079319,0.002,0.002,100
"377",6.925,39.46,53.355,5.085,62.95,532217818.502538,0.013,0.011,100
"378",39.23,18.31,74.27,7.03,56.86,505398813.746569,0.01,0.009,100
"379",85.085,37.465,15.615,95.045,43.68,805823860.831162,0.002,0.001,100
"380",89.06,58.095,75.955,7.34,43.49,436428103.066059,0.013,0.011,100
"381",75.885,84.78,98.715,92.945,45.085,NA,NA,0.001,NA
"382",88.84,45.34,6.5,20.385,18.68,797136324.332254,0.013,0.011,100
"383",38,4.435,44.205,81.825,14.735,734411785.569412,0.004,0.004,100
"384",26.695,86.135,43.45,87.465,92.925,849919107.84506,0.001,0.001,100
"385",74.135,51.91,49.3,48.395,94.985,866408368.180528,0.001,0.001,100
"386",78.485,2.995,63.655,77.695,7.08,495764353.108484,0.009,0.008,100
"387",41.425,9.2,81.06,64.91,89.34,844504448.051768,0.001,0.001,100
"388",89.4,45.6,57.495,18.79,56.645,731655193.904452,0.005,0.004,100
"389",68.42,55.605,12.465,3.215,57.37,711207297.619444,0.024,0.02,100
"390",83.565,77.855,90.17,60.77,82.6,838949607.943966,0.001,0.001,100
"391",32.175,88.455,32.19,28.875,6.885,442050970.097509,0.023,0.019,100
"392",33.29,54.44,4.525,12.13,83.315,879602171.834229,0.005,0.004,100
"393",71.375,16.585,84.86,35.26,61.095,756082962.490474,0.003,0.002,100
"394",45.925,94.265,4.63,49.59,72.3,861702572.157466,0.002,0.002,100
"395",52.605,51.46,9.17,16.88,35.995,831796816.004828,0.008,0.007,100
"396",13.855,59.915,13.23,68.575,74.57,883017604.764363,0.001,0.001,100
"397",55.705,86.935,83.985,63.085,85.99,842889366.711869,0.001,0.001,100
"398",23.515,14.705,28.215,96.4,44.7,794046714.707377,0.002,0.001,100
"399",96.62,67.23,55.665,76.615,99.345,851114229.6059,0.001,0.001,100
"400",15.385,5.705,22.95,80.325,48.38,816854332.443604,0.002,0.001,100
"401",74.495,11.77,54.71,46.79,95.345,826344922.257683,0.001,0.001,95.7527156902017
"402",74.995,21.775,31.75,64.215,66.335,822240675.348072,0.002,0.001,100
"403",40.445,45.645,68.54,53.8,46.165,800350463.719754,0.002,0.002,100
"404",29.52,20.345,23.185,6.245,14.16,384840539.503014,0.045,0.038,100
"405",26.29,46.39,52.835,98.235,47.74,853708724.745166,0.001,0.001,100
"406",90.675,85.6,13,50.85,81.53,849079399.304677,0.002,0.001,100
"407",19.67,15.5,47.715,27.91,22.645,672237648.268276,0.007,0.006,100
"408",67.74,79.605,64.295,34.205,6.1,292171659.146949,0.02,0.017,100
"409",85.8,82.945,89.365,10.38,93.65,661198798.195646,0.005,0.004,100
"410",39.09,39.78,56.26,61.4,6.4,456338917.935665,0.012,0.01,100
"411",99.71,19.68,96.545,56.015,20.955,646315020.528998,0.004,0.004,100
"412",39.565,31.65,12.135,54.91,28.285,852410455.283513,0.003,0.003,100
"413",81.36,23.845,67.61,99.155,3.05,258499791.308359,0.016,0.014,92.7254515857422
"414",47.37,3.515,94.03,20.06,0.215,1e+07,0,0.057,1.0989010989011
"415",75.44,4.325,17.84,91.15,75.08,862963794.703195,0.001,0.001,100
"416",43.28,43.845,69.55,51.005,63.195,805345733.206388,0.002,0.002,100
"417",96.53,70.635,0.43,10.69,29.92,870685347.575497,0.015,0.013,100
"418",41.375,87.685,20.545,3.55,65.26,667112952.860088,0.019,0.016,99.9999999999999
"419",30.8,48.43,2.11,11.095,51.475,880819339.250823,0.008,0.007,100
"420",22.75,98.225,50.14,70.445,93.805,857353221.957005,0.001,0.001,100
"421",48.135,96.6,16.7,25.645,84.46,855003745.289822,0.003,0.002,100
"422",65.075,74.295,45.23,22.7,41.605,748161917.650489,0.005,0.004,100
"423",75.305,16.875,99.55,59.46,11.085,489632489.761511,0.007,0.006,100
"424",44.855,81.285,32.5,32.135,54.765,825764228.83218,0.003,0.003,100
"425",27.35,61.565,93.67,3.655,38.85,196530361.566781,0.022,0.018,100
"426",14.265,94.825,83.125,73.575,27.3,717693835.560224,0.003,0.002,100
"427",29.15,9,13.165,73.36,12.17,754012935.507136,0.006,0.005,100
"428",81.465,95.13,31.445,67.415,63.305,819353034.374356,0.002,0.001,100
"429",73.005,34.115,2.435,98.475,8.7,780360764.497688,0.006,0.005,100
"430",72.445,27.84,44.03,30.175,55.13,807381770.223625,0.003,0.003,100
"431",77.84,54.355,60.125,84.645,1.455,52388386.4549938,0.043,0.038,93.9721527166431
"432",82.685,20.7,54.52,85.665,59.315,853615573.35348,0.001,0.001,100
"433",63.12,75.155,23.33,13.095,50.895,787135554.188023,0.007,0.006,100
"434",80.24,98.145,49.905,76.165,46.6,802184335.954319,0.002,0.002,100
"435",31.58,47.92,1.945,61.825,2.34,490230112.392338,0.047,0.042,100
"436",5.135,78.875,73.32,17.005,92.3,764981274.747549,0.003,0.003,100
"437",22.02,99.6,28.815,94.61,82.565,852962234.840384,0.001,0.001,100
"438",57.485,71.405,39.69,66.22,23.63,792648948.565346,0.003,0.003,100
"439",83.365,3.75,78.2,48.77,84.08,804952745.924107,0.002,0.001,100
"440",83.965,53.045,11.31,76.27,12.3,746349905.018484,0.006,0.005,100
"441",76.1,78.115,29.645,23.65,33.905,769224100.718911,0.006,0.005,99.9999999999999
"442",69.675,48.315,63.08,21.26,29.185,626562455.602524,0.007,0.006,100
"443",35.94,91.58,36.305,44.44,33.45,776696068.542924,0.004,0.003,100
"444",93.705,37.78,34.265,82.505,29.395,828575743.95407,0.002,0.002,100
"445",38.605,92.355,29.04,71.235,92.525,866862994.727332,0.001,0.001,100
"446",91.525,41.34,42.25,55.98,58.81,825694817.396222,0.002,0.002,100
"447",15.57,39.065,79.385,66.71,89.025,844911524.944362,0.001,0.001,100
"448",25.805,91.37,50.475,11.865,26.955,530561297.225618,0.013,0.011,100
"449",5.375,71.78,39.59,47.12,5.105,397163402.720638,0.02,0.017,100
"450",86.485,42.55,67.545,75.04,17.265,687980667.384045,0.004,0.003,100
"451",28.735,65.155,38.255,42.44,46.99,807165397.86979,0.003,0.002,100
"452",59.12,90.575,18.395,33.845,98.2,864535143.748294,0.002,0.002,100
"453",42.51,64.02,0.07,91.4,34.69,841067815.112264,0.002,0.002,100
"454",7.9,8.325,10.365,44.84,5.78,630197330.55321,0.02,0.017,100
"455",33.05,53.27,56.475,67.19,59.955,803079427.395827,0.002,0.001,100
"456",2.085,25.32,96.26,58.245,11.265,498378974.559757,0.007,0.006,100
"457",83.145,69.1,72.255,93.485,55.69,840814998.896197,0.001,0.001,100
"458",10.81,62.685,67.095,63.505,35.22,771922664.444084,0.002,0.002,96.8597601024538
"459",10.555,71.95,39.92,18.365,12.575,473516090.938686,0.019,0.016,100
"460",25.615,26.16,50.76,74.55,41.9,805404169.72369,0.002,0.002,100
"461",80.84,21.375,86.765,65.315,75.36,839527599.483761,0.001,0.001,100
"462",86.73,0.435,68.64,11.63,40.745,558197030.121633,0.009,0.008,100
"463",67.365,39.89,76.8,49.16,82.215,805272541.940693,0.002,0.001,100
"464",94.035,30.495,21.835,14.36,99.54,843592728.322674,0.004,0.003,100
"465",21.71,66.745,96.645,83.92,49.645,761184516.903406,0.002,0.001,100
"466",76.51,96.35,82.72,61.385,12.915,573927087.291395,0.006,0.005,100
"467",95.76,77.525,10.785,3.14,94.215,794182248.719154,0.015,0.013,100
"468",81.765,8.005,39.08,94.26,80.07,849880920.156489,0.001,0.001,99.9999999999999
"469",66.245,96.91,43.81,82.115,1.775,119645531.728614,0.039,0.035,97.4210972770416
"470",79.76,34.655,76.2,13.915,9.825,202201205.629942,0.025,0.021,100
"471",1.81,81.5,66.62,24.06,42.6,700606984.230614,0.005,0.004,100
"472",91.13,57.86,58.145,47.3,87.525,820274916.503113,0.002,0.001,100
"473",32.3,17.85,22.45,95.82,79.6,855585121.121236,0.001,0.001,100
"474",24.825,8.645,69.965,95.615,97.16,835120965.217713,0.001,0.001,100
"475",70.955,68.505,19.91,86.13,71.76,867312155.3626,0.001,0.001,100
"476",57.245,44.555,82.19,16.27,64.97,681053336.53905,0.005,0.004,100
"477",7.78,28.22,38.405,55.685,60.295,829050316.251493,0.002,0.002,100
"478",92.59,67.965,58.655,36.935,68.015,820037276.32333,0.002,0.002,100
"479",49.31,80.8,88.68,99.325,86.77,827553848.129064,0.001,0.001,100
"480",1.135,49.785,3.69,23.505,53.785,876012727.259662,0.004,0.004,100
"481",40.13,86.755,14.55,72.445,92.76,872679274.926803,0.001,0.001,100
"482",66.77,94.45,61.48,29.155,53.52,776113554.849788,0.003,0.003,100
"483",59.965,0.815,22.37,28.735,86.405,866986215.962113,0.002,0.002,100
"484",99.22,97.665,62.8,83.335,81.305,846246994.770564,0.001,0.001,100
"485",62.91,48.76,66.94,32.67,86.065,816989060.519056,0.002,0.002,100
"486",41.67,99.14,80.71,43.475,38.34,739393396.147986,0.003,0.003,100
"487",73.225,98.85,43.015,0.385,71.475,81987166.9184627,0.078,0.06,100
"488",22.93,60.755,49.795,0.79,49.56,101040249.918797,0.061,0.047,100
"489",1.755,70.49,11.63,83.13,83.745,868535666.896235,0.001,0.001,100
"490",20.455,33.645,19.385,5.72,93.065,791169936.207719,0.009,0.008,100
"491",28.295,8.49,54.85,92.605,45.915,780353556.075114,0.002,0.001,100
"492",19.275,32.745,46.38,0.2,63.825,36172560.6039579,0.103,0.074,100
"493",96.225,4.955,52.465,54.05,64.315,818072534.457295,0.002,0.002,100
"494",66.08,16.335,71.925,29.91,31.49,673572638.872265,0.005,0.004,100
"495",92.155,8.82,6.4,5.995,13.475,639153094.596372,0.056,0.048,100
"496",37.45,55.015,32.785,11.53,2.585,60690364.1450546,0.099,0.08,100
"497",4.555,47.38,77.79,22.155,37.595,637811304.617549,0.006,0.005,100
"498",77.295,1.11,96.985,50.545,47.995,769720777.318022,0.002,0.002,100
"499",51.945,76.19,89.08,18,86.825,738999316.312259,0.003,0.003,100
"500",45.11,51.12,40.695,40.695,87.2,838869015.555052,0.002,0.002,100
