"","V1","V2","V3","V4","V5"
"1","alfa",0,0,0,NA
"2","alfa",0.1,286.11365037289,22.07,19.39
"3","alfa",0.2,311.201278910193,20.2,17.56
"4","alfa",0.3,326.654056229336,19.12,16.5
"5","alfa",0.4,337.988837987759,18.37,15.76
"6","alfa",0.5,347.00289329682,17.78,15.19
"7","alfa",0.6,354.517173008842,17.31,14.72
"8","alfa",0.7,360.979103554006,16.91,14.33
"9","alfa",0.8,366.659882005994,16.56,13.99
"10","alfa",0.9,371.735712380739,16.26,13.7
"11","alfa",1,376.329607649517,15.99,13.43
"12","alfa",1.1,380.530343982789,15.74,13.19
"13","alfa",1.2,384.402437982261,15.52,12.98
"14","alfa",1.3,387.996794372178,15.31,12.78
"15","alfa",1.4,391.352762030243,15.12,12.59
"16","alfa",1.5,394.502280018045,14.95,12.42
"17","alfa",1.6,397.469901339589,14.78,12.26
"18","alfa",1.7,400.277901076921,14.63,12.11
"19","alfa",1.8,402.942228105707,14.49,11.97
"20","alfa",1.9,405.47947521995,14.35,11.83
"21","alfa",2,407.900795800833,14.22,11.71
"22","alfa",2.1,410.216916539756,14.1,11.59
"23","alfa",2.2,412.438434553168,13.98,11.47
"24","alfa",2.3,414.571935729983,13.87,11.37
"25","alfa",2.4,416.625780059611,13.76,11.26
"26","alfa",2.5,418.604997188255,13.66,11.16
"27","alfa",2.6,420.516223534945,13.56,11.07
"28","alfa",2.7,422.363519920685,13.46,10.97
"29","alfa",2.8,424.151986040837,13.37,10.88
"30","alfa",2.9,425.884748305626,13.28,10.8
"31","alfa",3,427.566686319672,13.2,10.72
"32","alfa",3.1,429.199604315057,13.12,10.64
"33","alfa",3.2,430.787249483514,13.04,10.56
"34","alfa",3.3,432.332000062375,12.96,10.49
"35","alfa",3.4,433.836198124269,12.89,10.41
"36","alfa",3.5,435.301938409829,12.81,10.34
"37","alfa",3.6,436.73200778292,12.74,10.28
"38","alfa",3.7,438.12815233678,12.68,10.21
"39","alfa",3.8,439.4917166152,12.61,10.14
"40","alfa",3.9,440.823681835546,12.55,10.08
"41","alfa",4,442.126796388141,12.48,10.02
"42","alfa",4.1,443.401885659842,12.42,9.96
"43","alfa",4.2,444.650011392176,12.36,9.9
"44","alfa",4.3,445.872304681315,12.3,9.85
"45","alfa",4.4,447.070683162599,12.25,9.79
"46","alfa",4.5,448.24556636796,12.19,9.74
"47","alfa",4.6,449.39775303332,12.14,9.69
"48","alfa",4.7,450.528236481952,12.08,9.63
"49","alfa",4.8,451.638720710581,12.03,9.58
"50","alfa",4.9,452.729088520546,11.98,9.54
"51","alfa",5,453.80025596051,11.93,9.49
"52","alfa",5.1,454.852904443341,11.88,9.44
"53","alfa",5.2,455.88759932661,11.84,9.39
"54","alfa",5.3,456.906231256346,11.79,9.35
"55","alfa",5.4,457.907740796013,11.74,9.3
"56","alfa",5.5,458.893400782828,11.7,9.26
"57","alfa",5.6,459.863694143058,11.65,9.22
"58","alfa",5.7,460.819492694239,11.61,9.18
"59","alfa",5.8,461.76042236409,11.57,9.13
"60","alfa",5.9,462.687293795528,11.53,9.09
"61","alfa",6,463.601392513202,11.48,9.05
"62","alfa",6.1,464.502338437507,11.44,9.02
"63","alfa",6.2,465.390517995976,11.4,8.98
"64","alfa",6.3,466.266290463734,11.36,8.94
"65","alfa",6.4,467.130585743329,11.33,8.9
"66","alfa",6.5,467.983532140137,11.29,8.87
"67","alfa",6.6,468.824991634514,11.25,8.83
"68","alfa",6.7,469.654989716266,11.21,8.79
"69","alfa",6.8,470.475388715364,11.18,8.76
"70","alfa",6.9,471.284957698794,11.14,8.73
"71","alfa",7,472.084640998201,11.11,8.69
"72","alfa",7.1,472.874486371161,11.07,8.66
"73","alfa",7.2,473.655181014063,11.04,8.63
"74","alfa",7.3,474.425795674277,11.01,8.59
"75","alfa",7.4,475.188503458507,10.97,8.56
"76","alfa",7.5,475.942131924964,10.94,8.53
"77","alfa",7.6,476.686865810874,10.91,8.5
"78","alfa",7.7,477.423089701736,10.88,8.47
"79","alfa",7.8,478.151446637287,10.84,8.44
"80","alfa",7.9,478.872176380314,10.81,8.41
"81","alfa",8,479.585032788435,10.78,8.38
"82","alfa",8.1,480.290235202891,10.75,8.35
"83","alfa",8.2,480.987967008739,10.72,8.32
"84","alfa",8.3,481.67837800505,10.69,8.29
"85","alfa",8.4,482.361586432329,10.66,8.27
"86","alfa",8.5,483.038548011329,10.64,8.24
"87","alfa",8.6,483.708687551095,10.61,8.21
"88","alfa",8.7,484.372031663721,10.58,8.18
"89","alfa",8.8,485.028587762584,10.55,8.16
"90","alfa",8.9,485.67852507327,10.53,8.13
"91","alfa",9,486.323384972576,10.5,8.11
"92","alfa",9.1,486.961558236778,10.47,8.08
"93","alfa",9.2,487.593179358659,10.45,8.06
"94","alfa",9.3,488.220273884915,10.42,8.03
"95","alfa",9.4,488.840595851955,10.39,8.01
"96","alfa",9.5,489.455986229728,10.37,7.98
"97","alfa",9.6,490.065481135836,10.34,7.96
"98","alfa",9.7,490.669860000662,10.32,7.93
"99","alfa",9.8,491.268643264705,10.29,7.91
"100","alfa",9.9,491.862761496389,10.27,7.89
"101","alfa",10,492.450820570135,10.24,7.86
"102","alfa",10.1,493.035289686124,10.22,7.84
"103","alfa",10.2,493.6139231989,10.2,7.82
"104","alfa",10.3,494.187803443201,10.17,7.8
"105","alfa",10.4,494.757627074716,10.15,7.77
"106","alfa",10.5,495.322196623075,10.13,7.75
"107","alfa",10.6,495.881776069556,10.1,7.73
"108","alfa",10.7,496.438121392214,10.08,7.71
"109","alfa",10.8,496.989667334406,10.06,7.69
"110","alfa",10.9,497.536586454943,10.04,7.67
"111","alfa",11,498.079038489467,10.02,7.64
"112","alfa",11.1,498.617438288281,9.99,7.62
"113","alfa",11.2,499.152357406162,9.97,7.6
"114","alfa",11.3,499.683086681704,9.95,7.58
"115","alfa",11.4,500.209741929136,9.93,7.56
"116","alfa",11.5,500.732428839783,9.91,7.54
"117","alfa",11.6,501.251243346293,9.89,7.52
"118","alfa",11.7,501.766272151313,9.87,7.5
"119","alfa",11.8,502.277593073648,9.85,7.48
"120","alfa",11.9,502.785275504988,9.83,7.47
"121","alfa",12,503.289380716351,9.81,7.45
"122","alfa",12.1,503.789962272248,9.79,7.43
"123","alfa",12.2,504.287066329373,9.77,7.41
"124","alfa",12.3,504.780731927198,9.75,7.39
"125","alfa",12.4,505.270991358835,9.73,7.37
"126","alfa",12.5,505.757870389668,9.71,7.35
"127","alfa",12.6,506.241388526202,9.69,7.34
"128","alfa",12.7,506.72155931939,9.67,7.32
"129","alfa",12.8,507.198390532627,9.65,7.3
"130","alfa",12.9,507.672922523022,9.64,7.28
"131","alfa",13,508.144242857986,9.62,7.27
"132","alfa",13.1,508.612323130409,9.6,7.25
"133","alfa",13.2,509.077149524491,9.58,7.23
"134","alfa",13.3,509.53870350531,9.56,7.21
"135","alfa",13.4,509.997858411923,9.55,7.2
"136","alfa",13.5,510.454474999576,9.53,7.18
"137","alfa",13.6,510.907841647101,9.51,7.16
"138","alfa",13.7,511.357922138063,9.49,7.15
"139","alfa",13.8,511.805816416596,9.48,7.13
"140","alfa",13.9,512.251273538785,9.46,7.11
"141","alfa",14,512.693414952754,9.44,7.1
"142","alfa",14.1,513.13271426966,9.43,7.08
"143","alfa",14.2,513.570420215843,9.41,7.07
"144","alfa",14.3,514.004746285455,9.39,7.05
"145","alfa",14.4,514.436339709911,9.38,7.04
"146","alfa",14.5,514.86634632331,9.36,7.02
"147","alfa",14.6,515.292877916599,9.34,7
"148","alfa",14.7,515.717534080651,9.33,6.99
"149","alfa",14.8,516.139797896487,9.31,6.97
"150","alfa",14.9,516.558789460642,9.3,6.96
"151","alfa",15,516.976843331509,9.28,6.94
"152","alfa",15.1,517.391235270031,9.26,6.93
"153","alfa",15.2,517.804408376118,9.25,6.91
"154","alfa",15.3,518.214547896628,9.23,6.9
"155","alfa",15.4,518.622832852878,9.22,6.89
"156","alfa",15.5,519.028718459418,9.2,6.87
"157","alfa",15.6,519.432405909766,9.19,6.86
"158","alfa",15.7,519.834014652428,9.17,6.84
"159","alfa",15.8,520.233369366909,9.16,6.83
"160","alfa",15.9,520.630658324657,9.14,6.81
"161","alfa",16,521.025920857865,9.13,6.8
"162","alfa",16.1,521.418828357789,9.11,6.79
"163","alfa",16.2,521.810216653878,9.1,6.77
"164","alfa",16.3,522.198663552149,9.08,6.76
"165","alfa",16.4,522.586374343216,9.07,6.75
"166","alfa",16.5,522.970739553154,9.06,6.73
"167","alfa",16.6,523.354474794472,9.04,6.72
"168","alfa",16.7,523.735482738179,9.03,6.71
"169","alfa",16.8,524.114565320437,9.01,6.69
"170","alfa",16.9,524.492364046654,9,6.68
"171","alfa",17,524.867187514665,8.99,6.67
"172","alfa",17.1,525.241381525098,8.97,6.65
"173","alfa",17.2,525.613245518405,8.96,6.64
"174","alfa",17.3,525.982503610263,8.94,6.63
"175","alfa",17.4,526.351514994699,8.93,6.61
"176","alfa",17.5,526.717860780239,8.92,6.6
"177","alfa",17.6,527.08192257238,8.9,6.59
"178","alfa",17.7,527.445605251529,8.89,6.58
"179","alfa",17.8,527.806793874124,8.88,6.56
"180","alfa",17.9,528.165560226475,8.87,6.55
"181","alfa",18,528.524142783187,8.85,6.54
"182","alfa",18.1,528.880484975008,8.84,6.53
"183","alfa",18.2,529.234552365221,8.83,6.52
"184","alfa",18.3,529.587482161722,8.81,6.5
"185","alfa",18.4,529.939242490351,8.8,6.49
"186","alfa",18.5,530.288859726336,8.79,6.48
"187","alfa",18.6,530.636391813257,8.78,6.47
"188","alfa",18.7,530.983253911071,8.76,6.46
"189","alfa",18.8,531.328628704341,8.75,6.44
"190","alfa",18.9,531.672030242779,8.74,6.43
"191","alfa",19,532.01350994067,8.73,6.42
"192","alfa",19.1,532.353897471757,8.71,6.41
"193","alfa",19.2,532.693325546614,8.7,6.4
"194","alfa",19.3,533.030926029041,8.69,6.39
"195","alfa",19.4,533.366744219202,8.68,6.38
"196","alfa",19.5,533.700823483387,8.67,6.36
"197","alfa",19.6,534.034015180481,8.65,6.35
"198","alfa",19.7,534.366144424358,8.64,6.34
"199","alfa",19.8,534.696609491506,8.63,6.33
"200","alfa",19.9,535.025448589178,8.62,6.32
"201","alfa",20,535.352698476306,8.61,6.31
"202","alfa",20.1,535.678394597432,8.6,6.3
"203","alfa",20.2,536.003330143288,8.58,6.29
"204","alfa",20.3,536.327144672039,8.57,6.28
"205","alfa",20.4,536.649459552258,8.56,6.27
"206","alfa",20.5,536.970305845129,8.55,6.26
"207","alfa",20.6,537.289713260915,8.54,6.24
"208","alfa",20.7,537.607710164082,8.53,6.23
"209","alfa",20.8,537.924324139537,8.52,6.22
"210","alfa",20.9,538.239581549841,8.51,6.21
"211","alfa",21,538.554178988665,8.49,6.2
"212","alfa",21.1,538.867570544168,8.48,6.19
"213","alfa",21.2,539.179636512084,8.47,6.18
"214","alfa",21.3,539.490399545856,8.46,6.17
"215","alfa",21.4,539.799881349404,8.45,6.16
"216","alfa",21.5,540.108102690168,8.44,6.15
"217","alfa",21.6,540.415083430532,8.43,6.14
"218","alfa",21.7,540.720842547871,8.42,6.13
"219","alfa",21.8,541.025398150463,8.41,6.12
"220","alfa",21.9,541.328767504057,8.4,6.11
"221","alfa",22,541.630967053839,8.39,6.1
"222","alfa",22.1,541.932012437761,8.38,6.09
"223","alfa",22.2,542.231918506759,8.37,6.08
"224","alfa",22.3,542.5306993493,8.36,6.07
"225","alfa",22.4,542.828368303258,8.35,6.06
"226","alfa",22.5,543.124937976305,8.34,6.05
"227","alfa",22.6,543.420546283844,8.32,6.04
"228","alfa",22.7,543.715076311742,8.31,6.04
"229","alfa",22.8,544.00850257881,8.3,6.03
"230","alfa",22.9,544.300835141068,8.29,6.02
"231","alfa",23,544.592083396421,8.28,6.01
"232","alfa",23.1,544.882256100725,8.27,6
"233","alfa",23.2,545.171361383761,8.26,5.99
"234","alfa",23.3,545.459406663043,8.25,5.98
"235","alfa",23.4,545.746399133664,8.24,5.97
"236","alfa",23.5,546.032457045788,8.24,5.96
"237","alfa",23.6,546.317573428856,8.23,5.95
"238","alfa",23.7,546.601690443661,8.22,5.94
"239","alfa",23.8,546.884812562874,8.21,5.93
"240","alfa",23.9,547.166943718481,8.2,5.92
"241","alfa",24,547.448087232591,8.19,5.92
"242","alfa",24.1,547.728246189653,8.18,5.91
"243","alfa",24.2,548.00742299145,8.17,5.9
"244","alfa",24.3,548.285619354457,8.16,5.89
"245","alfa",24.4,548.562836798321,8.15,5.88
"246","alfa",24.5,548.839076282671,8.14,5.87
"247","alfa",24.6,549.114338284956,8.13,5.86
"248","alfa",24.7,549.388622851116,8.12,5.85
"249","alfa",24.8,549.661929565821,8.11,5.85
"250","alfa",24.9,549.934257596989,8.1,5.84
"251","alfa",25,550.205605670595,8.09,5.83
"252",NA,NA,NA,NA,NA
"253","beta",0,0,0,NA
"254","beta",0.1,462.307756511134,14.82,13.29
"255","beta",0.2,471.769851449203,14.61,13.19
"256","beta",0.3,475.744012287953,14.53,13.15
"257","beta",0.4,478.047525224816,14.49,13.13
"258","beta",0.5,479.586128474674,14.46,13.12
"259","beta",0.6,480.705155811524,14.44,13.11
"260","beta",0.7,481.552931547096,14.42,13.11
"261","beta",0.8,482.246881538352,14.41,13.1
"262","beta",0.9,482.809815445542,14.4,13.1
"263","beta",1,483.274097705327,14.4,13.1
"264","beta",1.1,483.692278452107,14.39,13.1
"265","beta",1.2,484.042990906632,14.38,13.1
"266","beta",1.3,484.349427649806,14.38,13.09
"267","beta",1.4,484.6244697673,14.37,13.09
"268","beta",1.5,484.873020430313,14.37,13.09
"269","beta",1.6,485.076562138962,14.37,13.09
"270","beta",1.7,485.294016400479,14.36,13.09
"271","beta",1.8,485.478394222113,14.36,13.09
"272","beta",1.9,485.635031834876,14.36,13.09
"273","beta",2,485.791119115834,14.35,13.09
"274","beta",2.1,485.944447591569,14.35,13.09
"275","beta",2.2,486.078785743343,14.35,13.09
"276","beta",2.3,486.196752928117,14.35,13.09
"277","beta",2.4,486.300532444761,14.35,13.09
"278","beta",2.5,486.414421061533,14.34,13.09
"279","beta",2.6,486.526121251058,14.34,13.09
"280","beta",2.7,486.626883676696,14.34,13.09
"281","beta",2.8,486.717932241673,14.34,13.09
"282","beta",2.9,486.800315519271,14.34,13.09
"283","beta",3,486.874958342684,14.34,13.09
"284","beta",3.1,486.942666731158,14.34,13.08
"285","beta",3.2,487.01657120336,14.33,13.08
"286","beta",3.3,487.096192501852,14.33,13.08
"287","beta",3.4,487.169863319918,14.33,13.08
"288","beta",3.5,487.238108034399,14.33,13.08
"289","beta",3.6,487.30138827574,14.33,13.08
"290","beta",3.7,487.360117742547,14.33,13.08
"291","beta",3.8,487.414669549996,14.33,13.08
"292","beta",3.9,487.465380914082,14.33,13.08
"293","beta",4,487.512557709728,14.33,13.08
"294","beta",4.1,487.556478355936,14.33,13.08
"295","beta",4.2,487.597385319568,14.33,13.08
"296","beta",4.3,487.637893363111,14.32,13.08
"297","beta",4.4,487.690710631277,14.32,13.08
"298","beta",4.5,487.740675260175,14.32,13.08
"299","beta",4.6,487.787976884564,14.32,13.08
"300","beta",4.7,487.832770075417,14.32,13.08
"301","beta",4.8,487.875225982106,14.32,13.08
"302","beta",4.9,487.915490894252,14.32,13.08
"303","beta",5,487.953690664275,14.32,13.08
"304","beta",5.1,487.989955941566,14.32,13.08
"305","beta",5.2,488.024383832298,14.32,13.08
"306","beta",5.3,488.057104063921,14.32,13.08
"307","beta",5.4,488.088200103649,14.32,13.08
"308","beta",5.5,488.117770099243,14.32,13.08
"309","beta",5.6,488.145893459174,14.32,13.08
"310","beta",5.7,488.172658937303,14.32,13.08
"311","beta",5.8,488.198138864025,14.32,13.08
"312","beta",5.9,488.222397336093,14.32,13.08
"313","beta",6,488.245497620524,14.32,13.08
"314","beta",6.1,488.267513680117,14.32,13.08
"315","beta",6.2,488.288494948999,14.32,13.08
"316","beta",6.3,488.312577098447,14.31,13.08
"317","beta",6.4,488.343057028353,14.31,13.08
"318","beta",6.5,488.372447797321,14.31,13.08
"319","beta",6.6,488.400788057067,14.31,13.08
"320","beta",6.7,488.428135642089,14.31,13.08
"321","beta",6.8,488.454528464332,14.31,13.08
"322","beta",6.9,488.480010424769,14.31,13.08
"323","beta",7,488.504613473582,14.31,13.08
"324","beta",7.1,488.528381457835,14.31,13.08
"325","beta",7.2,488.55134215547,14.31,13.08
"326","beta",7.3,488.573537659758,14.31,13.08
"327","beta",7.4,488.594981014893,14.31,13.08
"328","beta",7.5,488.615725996651,14.31,13.08
"329","beta",7.6,488.63578711442,14.31,13.08
"330","beta",7.7,488.65518242495,14.31,13.08
"331","beta",7.8,488.673956003568,14.31,13.08
"332","beta",7.9,488.692117418332,14.31,13.08
"333","beta",8,488.709701684027,14.31,13.08
"334","beta",8.1,488.726715389696,14.31,13.08
"335","beta",8.2,488.743193648623,14.31,13.08
"336","beta",8.3,488.759149379159,14.31,13.08
"337","beta",8.4,488.774608803275,14.31,13.08
"338","beta",8.5,488.78958226395,14.31,13.08
"339","beta",8.6,488.804088654024,14.31,13.08
"340","beta",8.7,488.818147774738,14.31,13.08
"341","beta",8.8,488.831772443092,14.31,13.08
"342","beta",8.9,488.844980512813,14.31,13.08
"343","beta",9,488.857787502138,14.31,13.08
"344","beta",9.1,488.870201074939,14.31,13.08
"345","beta",9.2,488.882241383823,14.31,13.08
"346","beta",9.3,488.893920055407,14.31,13.08
"347","beta",9.4,488.905246709648,14.31,13.08
"348","beta",9.5,488.916236017373,14.31,13.08
"349","beta",9.6,488.926895270531,14.31,13.08
"350","beta",9.7,488.937240879516,14.31,13.08
"351","beta",9.8,488.947275723491,14.31,13.08
"352","beta",9.9,488.957021619772,14.31,13.08
"353","beta",10,488.966479199598,14.31,13.08
"354","beta",10.1,488.975657268147,14.31,13.08
"355","beta",10.2,488.984569910626,14.31,13.08
"356","beta",10.3,488.99780775205,14.3,13.08
"357","beta",10.4,489.01291626414,14.3,13.08
"358","beta",10.5,489.027707530446,14.3,13.08
"359","beta",10.6,489.042191085668,14.3,13.08
"360","beta",10.7,489.056375294974,14.3,13.08
"361","beta",10.8,489.070264032888,14.3,13.08
"362","beta",10.9,489.083871610135,14.3,13.08
"363","beta",11,489.097207074996,14.3,13.08
"364","beta",11.1,489.110265966121,14.3,13.08
"365","beta",11.2,489.123062710958,14.3,13.08
"366","beta",11.3,489.135627927667,14.3,13.08
"367","beta",11.4,489.147925600896,14.3,13.08
"368","beta",11.5,489.159963781565,14.3,13.08
"369","beta",11.6,489.171768895303,14.3,13.08
"370","beta",11.7,489.183324285479,14.3,13.08
"371","beta",11.8,489.19467469419,14.3,13.08
"372","beta",11.9,489.205807761861,14.3,13.08
"373","beta",12,489.216720657649,14.3,13.08
"374","beta",12.1,489.227426292859,14.3,13.08
"375","beta",12.2,489.237926484913,14.3,13.08
"376","beta",12.3,489.248230255694,14.3,13.08
"377","beta",12.4,489.258331941123,14.3,13.08
"378","beta",12.5,489.268247233539,14.3,13.08
"379","beta",12.6,489.277968484668,14.3,13.08
"380","beta",12.7,489.287512700055,14.3,13.08
"381","beta",12.8,489.296879157532,14.3,13.08
"382","beta",12.9,489.306069290329,14.3,13.08
"383","beta",13,489.31509215565,14.3,13.08
"384","beta",13.1,489.323949961425,14.3,13.08
"385","beta",13.2,489.332642832612,14.3,13.08
"386","beta",13.3,489.341176445144,14.3,13.08
"387","beta",13.4,489.349551620833,14.3,13.08
"388","beta",13.5,489.357780911979,14.3,13.08
"389","beta",13.6,489.365857068512,14.3,13.08
"390","beta",13.7,489.373790640427,14.3,13.08
"391","beta",13.8,489.381579806138,14.3,13.08
"392","beta",13.9,489.389232187428,14.3,13.08
"393","beta",14,489.396743766782,14.3,13.08
"394","beta",14.1,489.404122599583,14.3,13.08
"395","beta",14.2,489.411374658527,14.3,13.08
"396","beta",14.3,489.418504518018,14.3,13.08
"397","beta",14.4,489.425490154431,14.3,13.08
"398","beta",14.5,489.432370180525,14.3,13.08
"399","beta",14.6,489.439122298936,14.3,13.08
"400","beta",14.7,489.445757585318,14.3,13.08
"401","beta",14.8,489.452278626502,14.3,13.08
"402","beta",14.9,489.458689160823,14.3,13.08
"403","beta",15,489.464985244455,14.3,13.08
"404","beta",15.1,489.471175648496,14.3,13.08
"405","beta",15.2,489.477260360615,14.3,13.08
"406","beta",15.3,489.483243459172,14.3,13.08
"407","beta",15.4,489.489119896728,14.3,13.08
"408","beta",15.5,489.494899907507,14.3,13.08
"409","beta",15.6,489.500580299251,14.3,13.08
"410","beta",15.7,489.506164779527,14.3,13.08
"411","beta",15.8,489.51165517915,14.3,13.08
"412","beta",15.9,489.51705333565,14.3,13.08
"413","beta",16,489.522358211411,14.3,13.08
"414","beta",16.1,489.527577726502,14.3,13.08
"415","beta",16.2,489.532709432114,14.3,13.08
"416","beta",16.3,489.537756959547,14.3,13.08
"417","beta",16.4,489.542720050572,14.3,13.08
"418","beta",16.5,489.5476015791,14.3,13.08
"419","beta",16.6,489.552400702895,14.3,13.08
"420","beta",16.7,489.557123344466,14.3,13.08
"421","beta",16.8,489.561768173536,14.3,13.08
"422","beta",16.9,489.566335939179,14.3,13.08
"423","beta",17,489.570827295196,14.3,13.08
"424","beta",17.1,489.575249364249,14.3,13.08
"425","beta",17.2,489.579597009045,14.3,13.08
"426","beta",17.3,489.583874690807,14.3,13.08
"427","beta",17.4,489.588084108996,14.3,13.08
"428","beta",17.5,489.592224331905,14.3,13.08
"429","beta",17.6,489.596296257996,14.3,13.08
"430","beta",17.7,489.60030424095,14.3,13.08
"431","beta",17.8,489.604248325135,14.3,13.08
"432","beta",17.9,489.608128841522,14.3,13.08
"433","beta",18,489.611946892868,14.3,13.08
"434","beta",18.1,489.615704277888,14.3,13.08
"435","beta",18.2,489.619401405407,14.3,13.08
"436","beta",18.3,489.623040687191,14.3,13.08
"437","beta",18.4,489.626622586346,14.3,13.08
"438","beta",18.5,489.630146492121,14.3,13.08
"439","beta",18.6,489.633614775457,14.3,13.08
"440","beta",18.7,489.637028450743,14.3,13.08
"441","beta",18.8,489.640392378729,14.3,13.08
"442","beta",18.9,489.643695669251,14.3,13.08
"443","beta",19,489.646951025077,14.3,13.08
"444","beta",19.1,489.65015613324,14.3,13.08
"445","beta",19.2,489.653309624928,14.3,13.08
"446","beta",19.3,489.656418280263,14.3,13.08
"447","beta",19.4,489.659471110929,14.3,13.08
"448","beta",19.5,489.662479955104,14.3,13.08
"449","beta",19.6,489.665442424511,14.3,13.08
"450","beta",19.7,489.668359303495,14.3,13.08
"451","beta",19.8,489.671229535006,14.3,13.08
"452","beta",19.9,489.674056225651,14.3,13.08
"453","beta",20,489.676839993412,14.3,13.08
"454","beta",20.1,489.679580070213,14.3,13.08
"455","beta",20.2,489.682277842919,14.3,13.08
"456","beta",20.3,489.684933501417,14.3,13.08
"457","beta",20.4,489.688506779398,14.29,13.08
"458","beta",20.5,489.694280849545,14.29,13.08
"459","beta",20.6,489.700002520276,14.29,13.08
"460","beta",20.7,489.705671275108,14.29,13.08
"461","beta",20.8,489.711275294713,14.29,13.08
"462","beta",20.9,489.716831916216,14.29,13.08
"463","beta",21,489.722332132693,14.29,13.08
"464","beta",21.1,489.727781584123,14.29,13.08
"465","beta",21.2,489.733170783072,14.29,13.08
"466","beta",21.3,489.738515964943,14.29,13.08
"467","beta",21.4,489.743816039471,14.29,13.08
"468","beta",21.5,489.749045019017,14.29,13.08
"469","beta",21.6,489.754234092404,14.29,13.08
"470","beta",21.7,489.759377793117,14.29,13.08
"471","beta",21.8,489.764472934336,14.29,13.08
"472","beta",21.9,489.769511815617,14.29,13.08
"473","beta",22,489.774509073907,14.29,13.08
"474","beta",22.1,489.779462971528,14.29,13.08
"475","beta",22.2,489.78436615283,14.29,13.08
"476","beta",22.3,489.789217052101,14.29,13.08
"477","beta",22.4,489.794032371571,14.29,13.08
"478","beta",22.5,489.79880409774,14.29,13.08
"479","beta",22.6,489.803520825331,14.29,13.08
"480","beta",22.7,489.808200825783,14.29,13.08
"481","beta",22.8,489.812838547539,14.29,13.08
"482","beta",22.9,489.817432782274,14.29,13.08
"483","beta",23,489.821984988431,14.29,13.08
"484","beta",23.1,489.826495669161,14.29,13.08
"485","beta",23.2,489.830965319239,14.29,13.08
"486","beta",23.3,489.835394424967,14.29,13.08
"487","beta",23.4,489.83978272815,14.29,13.08
"488","beta",23.5,489.844137466798,14.29,13.08
"489","beta",23.6,489.848443999681,14.29,13.08
"490","beta",23.7,489.852718971981,14.29,13.08
"491","beta",23.8,489.856953618134,14.29,13.08
"492","beta",23.9,489.861145206741,14.29,13.08
"493","beta",24,489.865307793727,14.29,13.08
"494","beta",24.1,489.869423591428,14.29,13.08
"495","beta",24.2,489.873508732901,14.29,13.08
"496","beta",24.3,489.877559957203,14.29,13.08
"497","beta",24.4,489.881574750954,14.29,13.08
"498","beta",24.5,489.885551200154,14.29,13.08
"499","beta",24.6,489.889586569443,14.29,13.08
"500","beta",24.7,489.893498352273,14.29,13.08
"501","beta",24.8,489.897372793385,14.29,13.08
"502","beta",24.9,489.901212848386,14.29,13.08
"503","beta",25,489.905013638411,14.29,13.08
"504",NA,NA,NA,NA,NA
"505","omega",0,361.710159300324,17.9,15.52
"506","omega",0.1,349.165748418126,18.4,15.94
"507","omega",0.2,336.54120870013,18.91,16.37
"508","omega",0.3,323.864061764214,19.43,16.82
"509","omega",0.4,311.16444333769,19.96,17.28
"510","omega",0.5,298.475340723006,20.51,17.76
"511","omega",0.6,285.829801085138,21.06,18.26
"512","omega",0.7,273.261863347194,21.62,18.77
"513","omega",0.8,260.805395319527,22.2,19.31
"514","omega",0.9,248.49266665804,22.78,19.87
"515","omega",1,236.35427380992,23.36,20.44
"516","omega",1.1,224.418475556008,23.96,21.05
"517","omega",1.2,212.711294481518,24.56,21.68
"518","omega",1.3,201.256261204533,25.16,22.34
"519","omega",1.4,190.074664453652,25.77,23.04
"520","omega",1.5,179.185494304434,26.39,23.77
"521","omega",1.6,168.605950032095,27,24.55
"522","omega",1.7,158.351236634707,27.61,25.38
"523","omega",1.8,148.435216825401,28.23,26.25
"524","omega",1.9,138.870264316202,28.83,27.2
"525","omega",2,129.667367415641,29.43,28.22
"526","omega",2.1,120.836356036009,30.03,29.33
"527","omega",2.2,112.385669139919,30.61,30.56
"528","omega",2.3,104.322463665991,31.17,31.93
"529","omega",2.4,96.6524503100769,31.72,33.5
"530","omega",2.5,89.379704419174,32.25,35.37
"531","omega",2.6,82.5066000758198,32.74,37.74
"532","omega",2.7,76.0335192479371,33.21,41.3
"533","omega",2.8,69.9587594716491,33.65,NA
"534","omega",2.9,64.2783457815523,34.05,NA
"535","omega",3,58.9859736176329,34.42,NA
"536","omega",3.1,54.0729608597605,34.74,NA
"537","omega",3.2,49.5282899364294,35.01,NA
"538","omega",3.3,45.3387509493182,35.25,NA
"539","omega",3.4,41.4891752862956,35.43,NA
"540","omega",3.5,37.9626994446167,35.57,NA
"541","omega",3.6,34.7411513950004,35.67,NA
"542","omega",3.7,31.8054095088844,35.73,NA
"543","omega",3.8,29.1358241025655,35.74,NA
"544","omega",3.9,26.7125900339231,35.72,NA
"545","omega",4,24.5161086908666,35.66,NA
"546","omega",4.1,22.5272907736331,35.57,NA
"547","omega",4.2,20.7278056454199,35.45,NA
"548","omega",4.3,19.1002729316055,35.31,NA
"549","omega",4.4,17.6283962335741,35.14,NA
"550","omega",4.5,16.2970338171913,34.95,NA
"551","omega",4.6,15.0922403070685,34.75,NA
"552","omega",4.7,14.0012598736564,34.53,NA
"553","omega",4.8,13.0124934807184,34.3,NA
"554","omega",4.9,12.1154475287083,34.06,NA
"555","omega",5,11.3006680000315,33.82,NA
"556","omega",5.1,10.5596625117252,33.57,NA
"557","omega",5.2,9.88482596508791,33.31,NA
"558","omega",5.3,9.26936029344874,33.06,NA
"559","omega",5.4,8.70719741895658,32.8,NA
"560","omega",5.5,8.19292650683019,32.54,NA
"561","omega",5.6,7.72172631627898,32.28,NA
"562","omega",5.7,7.28930178634244,32.02,NA
"563","omega",5.8,6.89182644220311,31.76,NA
"564","omega",5.9,6.52589177937329,31.51,NA
"565","omega",6,6.18845741749505,31.26,NA
"566","omega",6.1,5.87681218122569,31.01,NA
"567","omega",6.2,5.58853535090441,30.77,NA
"568","omega",6.3,5.32146378856865,30.53,NA
"569","omega",6.4,5.07366271860971,30.29,NA
"570","omega",6.5,4.84339869038002,30.06,NA
"571","omega",6.6,4.62911873740914,29.83,NA
"572","omega",6.7,4.42942795781252,29.6,NA
"573","omega",6.8,4.24307262395765,29.38,NA
"574","omega",6.9,4.06892434651446,29.16,NA
"575","omega",7,3.90596701230608,28.95,NA
"576","omega",7.1,3.75328254409611,28.74,NA
"577","omega",7.2,3.61004207638253,28.54,NA
"578","omega",7.3,3.47549514581681,28.34,NA
"579","omega",7.4,3.34896188805999,28.14,NA
"580","omega",7.5,3.22982580298144,27.95,NA
"581","omega",7.6,3.11752590161873,27.76,NA
"582","omega",7.7,3.01155276232028,27.58,NA
"583","omega",7.8,2.91144156321066,27.4,NA
"584","omega",7.9,2.81676856794452,27.22,NA
"585","omega",8,2.72714710962428,27.05,NA
"586","omega",8.1,2.6422228772502,26.88,NA
"587","omega",8.2,2.56167202888909,26.72,NA
"588","omega",8.3,2.4851971888239,26.56,NA
"589","omega",8.4,2.41252575604383,26.4,NA
"590","omega",8.5,2.34340686461,26.24,NA
"591","omega",8.6,2.2776100996169,26.09,NA
"592","omega",8.7,2.21492273290101,25.94,NA
"593","omega",8.8,2.15514902483094,25.8,NA
"594","omega",8.9,2.09810779654958,25.66,NA
"595","omega",9,2.04363198924821,25.52,NA
"596","omega",9.1,1.99156681585846,25.38,NA
"597","omega",9.2,1.94176889169045,25.25,NA
"598","omega",9.3,1.89410537573547,25.12,NA
"599","omega",9.4,1.8484529798767,24.99,NA
"600","omega",9.5,1.80469700642894,24.86,NA
"601","omega",9.6,1.76273094834011,24.74,NA
"602","omega",9.7,1.72245555899193,24.62,NA
"603","omega",9.8,1.68377844652681,24.5,NA
"604","omega",9.9,1.64661333480051,24.38,NA
"605","omega",10,1.61087994437042,24.27,NA
"606","omega",10.1,1.57650293781298,24.16,NA
"607","omega",10.2,1.54341209805631,24.05,NA
"608","omega",10.3,1.51154162701374,23.94,NA
"609","omega",10.4,1.48082995313131,23.84,NA
"610","omega",10.5,1.45121930734548,23.73,NA
"611","omega",10.6,1.42265558647895,23.63,NA
"612","omega",10.7,1.39508785239949,23.53,NA
"613","omega",10.8,1.36846835924086,23.44,NA
"614","omega",10.9,1.34275224449946,23.34,NA
"615","omega",11,1.31789709547581,23.25,NA
"616","omega",11.1,1.29386322290345,23.15,NA
"617","omega",11.2,1.27061311093661,23.06,NA
"618","omega",11.3,1.24811134527139,22.97,NA
"619","omega",11.4,1.22632464722587,22.89,NA
"620","omega",11.5,1.20522143692538,22.8,NA
"621","omega",11.6,1.184771941483,22.72,NA
"622","omega",11.7,1.16494803760489,22.63,NA
"623","omega",11.8,1.14572316714934,22.55,NA
"624","omega",11.9,1.12707205881958,22.47,NA
"625","omega",12,1.10897084810718,22.39,NA
"626","omega",12.1,1.09139699191191,22.32,NA
"627","omega",12.2,1.07432898096385,22.24,NA
"628","omega",12.3,1.05774644358307,22.17,NA
"629","omega",12.4,1.04163012678236,22.09,NA
"630","omega",12.5,1.02596167056772,22.02,NA
"631","omega",12.6,1.01072360697619,21.95,NA
"632","omega",12.7,0.995899372550465,21.88,NA
"633","omega",12.8,0.981473193322943,21.81,NA
"634","omega",12.9,0.967430040337398,21.74,NA
"635","omega",13,0.953755669916534,21.68,NA
"636","omega",13.1,0.940436429914772,21.61,NA
"637","omega",13.2,0.927459312615266,21.55,NA
"638","omega",13.3,0.914811958262951,21.48,NA
"639","omega",13.4,0.902482584434529,21.42,NA
"640","omega",13.5,0.890459861498305,21.36,NA
"641","omega",13.6,0.878733035799686,21.3,NA
"642","omega",13.7,0.867291823169888,21.24,NA
"643","omega",13.8,0.856126385131605,21.18,NA
"644","omega",13.9,0.84522730537875,21.12,NA
"645","omega",14,0.834585603807066,21.07,NA
"646","omega",14.1,0.824192705950876,21.01,NA
"647","omega",14.2,0.814040267076046,20.95,NA
"648","omega",14.3,0.804120525600174,20.9,NA
"649","omega",14.4,0.794425788424122,20.85,NA
"650","omega",14.5,0.784948882628452,20.79,NA
"651","omega",14.6,0.775682848330694,20.74,NA
"652","omega",14.7,0.766620985051724,20.69,NA
"653","omega",14.8,0.757756902032995,20.64,NA
"654","omega",14.9,0.74908445927143,20.59,NA
"655","omega",15,0.740597755300847,20.54,NA
"656","omega",15.1,0.732291116851035,20.49,NA
"657","omega",15.2,0.724159044094689,20.44,NA
"658","omega",15.3,0.716196416077597,20.4,NA
"659","omega",15.4,0.70839815904901,20.35,NA
"660","omega",15.5,0.700759366926064,20.3,NA
"661","omega",15.6,0.693275455456759,20.26,NA
"662","omega",15.7,0.685941869491355,20.21,NA
"663","omega",15.8,0.678754354311173,20.17,NA
"664","omega",15.9,0.671708673763785,20.13,NA
"665","omega",16,0.664800893518573,20.08,NA
"666","omega",16.1,0.658027117780508,20.04,NA
"667","omega",16.2,0.651383607092309,20,NA
"668","omega",16.3,0.644866777969652,19.96,NA
"669","omega",16.4,0.638473171880842,19.92,NA
"670","omega",16.5,0.632199449117306,19.88,NA
"671","omega",16.6,0.626042384093805,19.84,NA
"672","omega",16.7,0.619998861064288,19.8,NA
"673","omega",16.8,0.614065869408079,19.76,NA
"674","omega",16.9,0.60824049892921,19.72,NA
"675","omega",17,0.602519936754243,19.68,NA
"676","omega",17.1,0.596901465463183,19.65,NA
"677","omega",17.2,0.591382525480915,19.61,NA
"678","omega",17.3,0.585960507095081,19.57,NA
"679","omega",17.4,0.580632966727332,19.54,NA
"680","omega",17.5,0.575397587750956,19.5,NA
"681","omega",17.6,0.570251986931322,19.47,NA
"682","omega",17.7,0.56519404731978,19.43,NA
"683","omega",17.8,0.5602215171423,19.4,NA
"684","omega",17.9,0.555332386650764,19.36,NA
"685","omega",18,0.550524603748854,19.33,NA
"686","omega",18.1,0.545796196873082,19.3,NA
"687","omega",18.2,0.541145326814244,19.26,NA
"688","omega",18.3,0.53657012627078,19.23,NA
"689","omega",18.4,0.532068806331666,19.2,NA
"690","omega",18.5,0.527639646979938,19.17,NA
"691","omega",18.6,0.523280978811479,19.14,NA
"692","omega",18.7,0.518991182576275,19.1,NA
"693","omega",18.8,0.514768696256786,19.07,NA
"694","omega",18.9,0.510611974025545,19.04,NA
"695","omega",19,0.506519533257592,19.01,NA
"696","omega",19.1,0.502489934112201,18.98,NA
"697","omega",19.2,0.498521791154673,18.96,NA
"698","omega",19.3,0.494613740977578,18.93,NA
"699","omega",19.4,0.490764459193354,18.9,NA
"700","omega",19.5,0.486972661696538,18.87,NA
"701","omega",19.6,0.483237099931004,18.84,NA
"702","omega",19.7,0.479556559741331,18.81,NA
"703","omega",19.8,0.475929900387483,18.79,NA
"704","omega",19.9,0.472355953096014,18.76,NA
"705","omega",20,0.468833586696219,18.73,NA
"706","omega",20.1,0.465361745660847,18.71,NA
"707","omega",20.2,0.461939383030557,18.68,NA
"708","omega",20.3,0.458565431364535,18.65,NA
"709","omega",20.4,0.455238960712721,18.63,NA
"710","omega",20.5,0.451958937911541,18.6,NA
"711","omega",20.6,0.448724461897173,18.58,NA
"712","omega",20.7,0.445534582692946,18.55,NA
"713","omega",20.8,0.442388434528539,18.53,NA
"714","omega",20.9,0.43928510704234,18.5,NA
"715","omega",21,0.436223805721805,18.48,NA
"716","omega",21.1,0.433203641262166,18.46,NA
"717","omega",21.2,0.430223859803707,18.43,NA
"718","omega",21.3,0.427283650390547,18.41,NA
"719","omega",21.4,0.424382230693288,18.39,NA
"720","omega",21.5,0.421518897462258,18.36,NA
"721","omega",21.6,0.4186928983991,18.34,NA
"722","omega",21.7,0.415903512060744,18.32,NA
"723","omega",21.8,0.41315004962017,18.3,NA
"724","omega",21.9,0.410431871338382,18.27,NA
"725","omega",22,0.407748288525276,18.25,NA
"726","omega",22.1,0.405098656536783,18.23,NA
"727","omega",22.2,0.402482350147134,18.21,NA
"728","omega",22.3,0.399898758772664,18.19,NA
"729","omega",22.4,0.397347286664172,18.17,NA
"730","omega",22.5,0.394827353515461,18.14,NA
"731","omega",22.6,0.392338398610551,18.12,NA
"732","omega",22.7,0.389879853482575,18.1,NA
"733","omega",22.8,0.387451175770667,18.08,NA
"734","omega",22.9,0.385051835499901,18.06,NA
"735","omega",23,0.382681314772955,18.04,NA
"736","omega",23.1,0.380339107437565,18.02,NA
"737","omega",23.2,0.378024718680285,18,NA
"738","omega",23.3,0.375737664863724,17.98,NA
"739","omega",23.4,0.373477481464639,17.97,NA
"740","omega",23.5,0.371243705170738,17.95,NA
"741","omega",23.6,0.36903587938988,17.93,NA
"742","omega",23.7,0.366853561917466,17.91,NA
"743","omega",23.8,0.36469632019794,17.89,NA
"744","omega",23.9,0.362563731251298,17.87,NA
"745","omega",24,0.360455381282921,17.85,NA
"746","omega",24.1,0.358370876819237,17.84,NA
"747","omega",24.2,0.356309831327252,17.82,NA
"748","omega",24.3,0.354271838109142,17.8,NA
"749","omega",24.4,0.352256517557524,17.78,NA
"750","omega",24.5,0.350263499576521,17.77,NA
"751","omega",24.6,0.348292458917428,17.75,NA
"752","omega",24.7,0.3463430017722,17.73,NA
"753","omega",24.8,0.344414779612959,17.71,NA
"754","omega",24.9,0.342507478080846,17.7,NA
"755","omega",25,0.340620757366922,17.68,NA
"756",NA,NA,NA,NA,NA
"757","gamma",0,318.145779872251,19.6,16.97
"758","gamma",0.1,319.136171326773,19.61,16.97
"759","gamma",0.2,320.127557195808,19.61,16.98
"760","gamma",0.3,321.11923366732,19.61,16.98
"761","gamma",0.4,322.111754606109,19.62,16.98
"762","gamma",0.5,323.105085675764,19.62,16.98
"763","gamma",0.6,324.098704481701,19.62,16.98
"764","gamma",0.7,325.093284767672,19.63,16.98
"765","gamma",0.8,326.088543936995,19.63,16.98
"766","gamma",0.9,327.084088006859,19.63,16.99
"767","gamma",1,328.080657058101,19.64,16.99
"768","gamma",1.1,329.077827168621,19.64,16.99
"769","gamma",1.2,330.075279373947,19.64,16.99
"770","gamma",1.3,331.073766181071,19.65,16.99
"771","gamma",1.4,332.072830017382,19.65,16.99
"772","gamma",1.5,333.072173172287,19.65,17
"773","gamma",1.6,334.072506316272,19.66,17
"774","gamma",1.7,335.073446606658,19.66,17
"775","gamma",1.8,336.074663468513,19.66,17
"776","gamma",1.9,337.076771138969,19.67,17
"777","gamma",2,338.079570556129,19.67,17
"778","gamma",2.1,339.082643826274,19.67,17
"779","gamma",2.2,340.086453840194,19.68,17.01
"780","gamma",2.3,341.091095002048,19.68,17.01
"781","gamma",2.4,342.096007326613,19.68,17.01
"782","gamma",2.5,343.101447147549,19.69,17.01
"783","gamma",2.6,344.107912618114,19.69,17.01
"784","gamma",2.7,345.114646588913,19.69,17.01
"785","gamma",2.8,346.121647822445,19.69,17.01
"786","gamma",2.9,347.129915636961,19.7,17.02
"787","gamma",3,348.138453792468,19.7,17.02
"788","gamma",3.1,349.147256593361,19.7,17.02
"789","gamma",3.2,350.15699587225,19.71,17.02
"790","gamma",3.3,351.167320698659,19.71,17.02
"791","gamma",3.4,352.17790757988,19.71,17.02
"792","gamma",3.5,353.189044741353,19.72,17.02
"793","gamma",3.6,354.201138673716,19.72,17.03
"794","gamma",3.7,355.213492096704,19.72,17.03
"795","gamma",3.8,356.226103831231,19.72,17.03
"796","gamma",3.9,357.239798712093,19.73,17.03
"797","gamma",4,358.253901087979,19.73,17.03
"798","gamma",4.1,359.268259254275,19.73,17.03
"799","gamma",4.2,360.283191460403,19.74,17.03
"800","gamma",4.3,361.299025151334,19.74,17.04
"801","gamma",4.4,362.31511213698,19.74,17.04
"802","gamma",4.5,363.331451277755,19.74,17.04
"803","gamma",4.6,364.348754562483,19.75,17.04
"804","gamma",4.7,365.366552707106,19.75,17.04
"805","gamma",4.8,366.384600552818,19.75,17.04
"806","gamma",4.9,367.402979300426,19.76,17.04
"807","gamma",5,368.422470897164,19.76,17.05
"808","gamma",5.1,369.442209765496,19.76,17.05
"809","gamma",5.2,370.462194804166,19.76,17.05
"810","gamma",5.3,371.482756370256,19.77,17.05
"811","gamma",5.4,372.504168533633,19.77,17.05
"812","gamma",5.5,373.525824478168,19.77,17.05
"813","gamma",5.6,374.547723123974,19.77,17.05
"814","gamma",5.7,375.570366233682,19.78,17.05
"815","gamma",5.8,376.593675336581,19.78,17.06
"816","gamma",5.9,377.617224791111,19.78,17.06
"817","gamma",6,378.641013538392,19.78,17.06
"818","gamma",6.1,379.665636499281,19.79,17.06
"819","gamma",6.2,380.690818996014,19.79,17.06
"820","gamma",6.3,381.716238474638,19.79,17.06
"821","gamma",6.4,382.741893896883,19.79,17.06
"822","gamma",6.5,383.768394632871,19.8,17.07
"823","gamma",6.6,384.795427058303,19.8,17.07
"824","gamma",6.7,385.822693154534,19.8,17.07
"825","gamma",6.8,386.850191903571,19.8,17.07
"826","gamma",6.9,387.878467989476,19.81,17.07
"827","gamma",7,388.907326958309,19.81,17.07
"828","gamma",7.1,389.936416344418,19.81,17.07
"829","gamma",7.2,390.965735149733,19.81,17.07
"830","gamma",7.3,391.995683846643,19.82,17.08
"831","gamma",7.4,393.026346052795,19.82,17.08
"832","gamma",7.5,394.057235479239,19.82,17.08
"833","gamma",7.6,395.088351147455,19.82,17.08
"834","gamma",7.7,396.119869438647,19.83,17.08
"835","gamma",7.8,397.152311654905,19.83,17.08
"836","gamma",7.9,398.184977949922,19.83,17.08
"837","gamma",8,399.217867364416,19.83,17.08
"838","gamma",8.1,400.25097894365,19.83,17.09
"839","gamma",8.2,401.285051069743,19.84,17.09
"840","gamma",8.3,402.319471139134,19.84,17.09
"841","gamma",8.4,403.354111259819,19.84,17.09
"842","gamma",8.5,404.388970495859,19.84,17.09
"843","gamma",8.6,405.424391631137,19.85,17.09
"844","gamma",8.7,406.460542458093,19.85,17.09
"845","gamma",8.8,407.496910321324,19.85,17.09
"846","gamma",8.9,408.533494303354,19.85,17.1
"847","gamma",9,409.570293491059,19.85,17.1
"848","gamma",9.1,410.608019384483,19.86,17.1
"849","gamma",9.2,411.64609210312,19.86,17.1
"850","gamma",9.3,412.68437799585,19.86,17.1
"851","gamma",9.4,413.722876167595,19.86,17.1
"852","gamma",9.5,414.761729501386,19.87,17.1
"853","gamma",9.6,415.801484264971,19.87,17.1
"854","gamma",9.7,416.841449308899,19.87,17.11
"855","gamma",9.8,417.881623755786,19.87,17.11
"856","gamma",9.9,418.922006732447,19.87,17.11
"857","gamma",10,419.962914612348,19.88,17.11
"858","gamma",10.1,421.004536124056,19.88,17.11
"859","gamma",10.2,422.046364212397,19.88,17.11
"860","gamma",10.3,423.088398021498,19.88,17.11
"861","gamma",10.4,424.130636699549,19.88,17.11
"862","gamma",10.5,425.173466510082,19.89,17.11
"863","gamma",10.6,426.216925681888,19.89,17.12
"864","gamma",10.7,427.260587813987,19.89,17.12
"865","gamma",10.8,428.304452071515,19.89,17.12
"866","gamma",10.9,429.348517623498,19.89,17.12
"867","gamma",11,430.393136538671,19.9,17.12
"868","gamma",11.1,431.438404559807,19.9,17.12
"869","gamma",11.2,432.483872010211,19.9,17.12
"870","gamma",11.3,433.529538075494,19.9,17.12
"871","gamma",11.4,434.575401945076,19.9,17.13
"872","gamma",11.5,435.621676982755,19.91,17.13
"873","gamma",11.6,436.668725314864,19.91,17.13
"874","gamma",11.7,437.715969628525,19.91,17.13
"875","gamma",11.8,438.763409129369,19.91,17.13
"876","gamma",11.9,439.811043026715,19.91,17.13
"877","gamma",12,440.858870533614,19.91,17.13
"878","gamma",12.1,441.907641476277,19.92,17.13
"879","gamma",12.2,442.956634464157,19.92,17.13
"880","gamma",12.3,444.005819292435,19.92,17.14
"881","gamma",12.4,445.055195189926,19.92,17.14
"882","gamma",12.5,446.104761388966,19.92,17.14
"883","gamma",12.6,447.15490758407,19.93,17.14
"884","gamma",12.7,448.205621318987,19.93,17.14
"885","gamma",12.8,449.256523626572,19.93,17.14
"886","gamma",12.9,450.307613754621,19.93,17.14
"887","gamma",13,451.358890954438,19.93,17.14
"888","gamma",13.1,452.410354480721,19.93,17.14
"889","gamma",13.2,453.462686042185,19.94,17.15
"890","gamma",13.3,454.515278237068,19.94,17.15
"891","gamma",13.4,455.568055080487,19.94,17.15
"892","gamma",13.5,456.621015842187,19.94,17.15
"893","gamma",13.6,457.674159795294,19.94,17.15
"894","gamma",13.7,458.727585572837,19.95,17.15
"895","gamma",13.8,459.781840315538,19.95,17.15
"896","gamma",13.9,460.836276609888,19.95,17.15
"897","gamma",14,461.89089374368,19.95,17.15
"898","gamma",14.1,462.945691007986,19.95,17.16
"899","gamma",14.2,464.000667697094,19.95,17.16
"900","gamma",14.3,465.055968184446,19.96,17.16
"901","gamma",14.4,466.112036912821,19.96,17.16
"902","gamma",14.5,467.168283474687,19.96,17.16
"903","gamma",14.6,468.224707178639,19.96,17.16
"904","gamma",14.7,469.281307336469,19.96,17.16
"905","gamma",14.8,470.338083263083,19.96,17.16
"906","gamma",14.9,471.395095733206,19.97,17.16
"907","gamma",15,472.45294502195,19.97,17.17
"908","gamma",15.1,473.510968535227,19.97,17.17
"909","gamma",15.2,474.569165601853,19.97,17.17
"910","gamma",15.3,475.627535553707,19.97,17.17
"911","gamma",15.4,476.686077725728,19.97,17.17
"912","gamma",15.5,477.744791455823,19.97,17.17
"913","gamma",15.6,478.804236522247,19.98,17.17
"914","gamma",15.7,479.864004174618,19.98,17.17
"915","gamma",15.8,480.923941897084,19.98,17.17
"916","gamma",15.9,481.984049041112,19.98,17.17
"917","gamma",16,483.044324961034,19.98,17.18
"918","gamma",16.1,484.104769014155,19.98,17.18
"919","gamma",16.2,485.165586000175,19.99,17.18
"920","gamma",16.3,486.227065471549,19.99,17.18
"921","gamma",16.4,487.288711632339,19.99,17.18
"922","gamma",16.5,488.350523852982,19.99,17.18
"923","gamma",16.6,489.41250150672,19.99,17.18
"924","gamma",16.7,490.474643969619,19.99,17.18
"925","gamma",16.8,491.536950620514,19.99,17.18
"926","gamma",16.9,492.599830220374,20,17.19
"927","gamma",17,493.663153080305,20,17.19
"928","gamma",17.1,494.726638737532,20,17.19
"929","gamma",17.2,495.790286583627,20,17.19
"930","gamma",17.3,496.854096012871,20,17.19
"931","gamma",17.4,497.918066422325,20,17.19
"932","gamma",17.5,498.9821972117,20,17.19
"933","gamma",17.6,500.046947242303,20.01,17.19
"934","gamma",17.7,501.112075161237,20.01,17.19
"935","gamma",17.8,502.177362120625,20.01,17.19
"936","gamma",17.9,503.242807532513,20.01,17.2
"937","gamma",18,504.308410811572,20.01,17.2
"938","gamma",18.1,505.374171375068,20.01,17.2
"939","gamma",18.2,506.440088642884,20.01,17.2
"940","gamma",18.3,507.506517336394,20.02,17.2
"941","gamma",18.4,508.573412782722,20.02,17.2
"942","gamma",18.5,509.640463643517,20.02,17.2
"943","gamma",18.6,510.707669350592,20.02,17.2
"944","gamma",18.7,511.775029338269,20.02,17.2
"945","gamma",18.8,512.842543043383,20.02,17.2
"946","gamma",18.9,513.910209905267,20.02,17.21
"947","gamma",19,514.978126001977,20.03,17.21
"948","gamma",19.1,516.046752218766,20.03,17.21
"949","gamma",19.2,517.115530350497,20.03,17.21
"950","gamma",19.3,518.184459848091,20.03,17.21
"951","gamma",19.4,519.253540164862,20.03,17.21
"952","gamma",19.5,520.32277075654,20.03,17.21
"953","gamma",19.6,521.392151081232,20.03,17.21
"954","gamma",19.7,522.461680599449,20.03,17.21
"955","gamma",19.8,523.531684905906,20.04,17.21
"956","gamma",19.9,524.602154426217,20.04,17.22
"957","gamma",20,525.672771953585,20.04,17.22
"958","gamma",20.1,526.743536959686,20.04,17.22
"959","gamma",20.2,527.814448918507,20.04,17.22
"960","gamma",20.3,528.885507306326,20.04,17.22
"961","gamma",20.4,529.956711601705,20.04,17.22
"962","gamma",20.5,531.02806128548,20.04,17.22
"963","gamma",20.6,532.099933160346,20.05,17.22
"964","gamma",20.7,533.172203679596,20.05,17.22
"965","gamma",20.8,534.244618454103,20.05,17.22
"966","gamma",20.9,535.317176975491,20.05,17.23
"967","gamma",21,536.3898787376,20.05,17.23
"968","gamma",21.1,537.462723236463,20.05,17.23
"969","gamma",21.2,538.535709970278,20.05,17.23
"970","gamma",21.3,539.608838439424,20.05,17.23
"971","gamma",21.4,540.682358094502,20.06,17.23
"972","gamma",21.5,541.75638841531,20.06,17.23
"973","gamma",21.6,542.830559389663,20.06,17.23
"974","gamma",21.7,543.904870528382,20.06,17.23
"975","gamma",21.8,544.979321344369,20.06,17.23
"976","gamma",21.9,546.053911352613,20.06,17.24
"977","gamma",22,547.128640070218,20.06,17.24
"978","gamma",22.1,548.20350701633,20.06,17.24
"979","gamma",22.2,549.27851171215,20.06,17.24
"980","gamma",22.3,550.354205618678,20.07,17.24
"981","gamma",22.4,551.430092808572,20.07,17.24
"982","gamma",22.5,552.506116723913,20.07,17.24
"983","gamma",22.6,553.582276895932,20.07,17.24
"984","gamma",22.7,554.658572857868,20.07,17.24
"985","gamma",22.8,555.735004144929,20.07,17.24
"986","gamma",22.9,556.811570294329,20.07,17.24
"987","gamma",23,557.888270845216,20.07,17.25
"988","gamma",23.1,558.965160670705,20.08,17.25
"989","gamma",23.2,560.042725118256,20.08,17.25
"990","gamma",23.3,561.120422990468,20.08,17.25
"991","gamma",23.4,562.198253836195,20.08,17.25
"992","gamma",23.5,563.276217206176,20.08,17.25
"993","gamma",23.6,564.354312653082,20.08,17.25
"994","gamma",23.7,565.432539731437,20.08,17.25
"995","gamma",23.8,566.510897997666,20.08,17.25
"996","gamma",23.9,567.589387010051,20.08,17.25
"997","gamma",24,568.668006328728,20.08,17.25
"998","gamma",24.1,569.747304941493,20.09,17.26
"999","gamma",24.2,570.826768759658,20.09,17.26
"1000","gamma",24.3,571.906361967932,20.09,17.26
"1001","gamma",24.4,572.986084135724,20.09,17.26
"1002","gamma",24.5,574.065934834253,20.09,17.26
"1003","gamma",24.6,575.145913636521,20.09,17.26
"1004","gamma",24.7,576.226020117323,20.09,17.26
"1005","gamma",24.8,577.3062538532,20.09,17.26
"1006","gamma",24.9,578.386614422497,20.09,17.26
"1007","gamma",25,579.4673462868,20.1,17.26
"1008",NA,NA,NA,NA,NA
"1009","rho",0,23.3870625918126,100,NA
"1010","rho",0.1,218.810063678168,10.37,9.18
"1011","rho",0.2,131.283964865022,6.83,6.26
"1012","rho",0.3,81.4999323013614,5.53,5.28
"1013","rho",0.4,50.6460546243248,4.82,4.87
"1014","rho",0.5,31.170199132428,4.35,4.78
"1015","rho",0.6,18.9860012730818,3.99,5.01
"1016","rho",0.7,11.5255647572021,3.66,NA
"1017","rho",0.8,7.05872130690782,3.34,NA
"1018","rho",0.9,4.41835427919598,3.04,NA
"1019","rho",1,2.85310089807966,2.76,NA
"1020","rho",1.1,1.9085521005228,2.5,NA
"1021","rho",1.2,1.32257005160865,2.27,NA
"1022","rho",1.3,0.94722970852116,2.07,NA
"1023","rho",1.4,0.698866822370505,1.9,NA
"1024","rho",1.5,0.529394879630425,1.74,NA
"1025","rho",1.6,0.410411929886695,1.61,NA
"1026","rho",1.7,0.324701202253897,1.49,NA
"1027","rho",1.8,0.261523388269605,1.39,NA
"1028","rho",1.9,0.213979835340674,1.3,NA
"1029","rho",2,0.177534949779843,1.22,NA
"1030","rho",2.1,0.149140633674474,1.14,NA
"1031","rho",2.2,0.12667281310807,1.08,NA
"1032","rho",2.3,0.108662713402605,1.02,NA
"1033","rho",2.4,0.0940462061464421,0.96,NA
"1034","rho",2.5,0.0820506873048994,0.91,NA
"1035","rho",2.6,0.0721119777127879,0.87,NA
"1036","rho",2.7,0.0637954561333178,0.83,NA
"1037","rho",2.8,0.056780404394055,0.79,NA
"1038","rho",2.9,0.0508144323754778,0.76,NA
"1039","rho",3,0.0457074829326901,0.72,NA
"1040","rho",3.1,0.0413060934311181,0.69,NA
"1041","rho",3.2,0.0374920778620192,0.67,NA
"1042","rho",3.3,0.0341648737034603,0.64,NA
"1043","rho",3.4,0.0312474401577894,0.62,NA
"1044","rho",3.5,0.0286757290091617,0.6,NA
"1045","rho",3.6,0.0264007938063178,0.57,NA
"1046","rho",3.7,0.0243798120278523,0.56,NA
"1047","rho",3.8,0.0225775991899615,0.54,NA
"1048","rho",3.9,0.020962975087667,0.52,NA
"1049","rho",4,0.0195092746898095,0.5,NA
"1050","rho",4.1,0.0182006132798969,0.49,NA
"1051","rho",4.2,0.0170143989760459,0.47,NA
"1052","rho",4.3,0.0159406721224458,0.46,NA
"1053","rho",4.4,0.0149613442781454,0.45,NA
"1054","rho",4.5,0.0140670584953051,0.43,NA
"1055","rho",4.6,0.0132518871824413,0.42,NA
"1056","rho",4.7,0.012503734622085,0.41,NA
"1057","rho",4.8,0.0118158591204119,0.4,NA
"1058","rho",4.9,0.0111821813800355,0.39,NA
"1059","rho",5,0.010597238505055,0.38,NA
"1060","rho",5.1,0.0100561145992963,0.37,NA
"1061","rho",5.2,0.00955437794219928,0.36,NA
"1062","rho",5.3,0.00908883903891151,0.36,NA
"1063","rho",5.4,0.00865785674552129,0.35,NA
"1064","rho",5.5,0.00825591416340286,0.34,NA
"1065","rho",5.6,0.00787998023424045,0.33,NA
"1066","rho",5.7,0.00752777726573731,0.33,NA
"1067","rho",5.8,0.00720149051511187,0.32,NA
"1068","rho",5.9,0.00689406242932066,0.31,NA
"1069","rho",6,0.00660450738789603,0.31,NA
"1070","rho",6.1,0.00633539615592224,0.3,NA
"1071","rho",6.2,0.0060795993929595,0.29,NA
"1072","rho",6.3,0.0058408761750461,0.29,NA
"1073","rho",6.4,0.00561459743071856,0.28,NA
"1074","rho",6.5,0.00540159132444023,0.28,NA
"1075","rho",6.6,0.0052002019477553,0.27,NA
"1076","rho",6.7,0.00500989636628759,0.27,NA
"1077","rho",6.8,0.00482941281381515,0.26,NA
"1078","rho",6.9,0.00465921039945813,0.26,NA
"1079","rho",7,0.0044961840419944,0.25,NA
"1080","rho",7.1,0.00434383124780897,0.25,NA
"1081","rho",7.2,0.00419636445288816,0.25,NA
"1082","rho",7.3,0.0040588511766277,0.24,NA
"1083","rho",7.4,0.00392663607190167,0.24,NA
"1084","rho",7.5,0.00379994410333909,0.23,NA
"1085","rho",7.6,0.00368139765774507,0.23,NA
"1086","rho",7.7,0.00356636036301705,0.23,NA
"1087","rho",7.8,0.0034570755163683,0.22,NA
"1088","rho",7.9,0.0033538340977438,0.22,NA
"1089","rho",8,0.00325352831428689,0.22,NA
"1090","rho",8.1,0.0031579310076004,0.21,NA
"1091","rho",8.2,0.00306786953022809,0.21,NA
"1092","rho",8.3,0.00298026036064044,0.21,NA
"1093","rho",8.4,0.00289522540542831,0.2,NA
"1094","rho",8.5,0.00281657293323873,0.2,NA
"1095","rho",8.6,0.0027399648945956,0.2,NA
"1096","rho",8.7,0.00266535585205218,0.2,NA
"1097","rho",8.8,0.00259410787013344,0.19,NA
"1098","rho",8.9,0.00252708534040563,0.19,NA
"1099","rho",9,0.00246172644103858,0.19,NA
"1100","rho",9.1,0.00239799134365272,0.19,NA
"1101","rho",9.2,0.00233689330591401,0.18,NA
"1102","rho",9.3,0.00227965139200699,0.18,NA
"1103","rho",9.4,0.00222376090298629,0.18,NA
"1104","rho",9.5,0.00216919402033182,0.18,NA
"1105","rho",9.6,0.00211592325188829,0.18,NA
"1106","rho",9.7,0.00206630326546394,0.17,NA
"1107","rho",9.8,0.00201843906877341,0.17,NA
"1108","rho",9.9,0.00197164831950717,0.17,NA
"1109","rho",10,0.00192590977934454,0.17,NA
"1110","rho",10.1,0.00188120246678106,0.17,NA
"1111","rho",10.2,0.00183948120071115,0.16,NA
"1112","rho",10.3,0.00179933972607811,0.16,NA
"1113","rho",10.4,0.00176004865256771,0.16,NA
"1114","rho",10.5,0.00172159340778029,0.16,NA
"1115","rho",10.6,0.00168395732310916,0.16,NA
"1116","rho",10.7,0.00164725495014664,0.15,NA
"1117","rho",10.8,0.00161352974742409,0.15,NA
"1118","rho",10.9,0.0015804772257128,0.15,NA
"1119","rho",11,0.00154808537383325,0.15,NA
"1120","rho",11.1,0.0015163423033268,0.15,NA
"1121","rho",11.2,0.00148523627018422,0.15,NA
"1122","rho",11.3,0.00145475568704955,0.15,NA
"1123","rho",11.4,0.00142612373144537,0.14,NA
"1124","rho",11.5,0.00139882953199659,0.14,NA
"1125","rho",11.6,0.00137204668190453,0.14,NA
"1126","rho",11.7,0.00134576649026402,0.14,NA
"1127","rho",11.8,0.00131998037013923,0.14,NA
"1128","rho",11.9,0.00129467983947712,0.14,NA
"1129","rho",12,0.00126985652189379,0.14,NA
"1130","rho",12.1,0.00124588498674839,0.13,NA
"1131","rho",12.2,0.00122371497204153,0.13,NA
"1132","rho",12.3,0.00120193265316429,0.13,NA
"1133","rho",12.4,0.001180531820287,0.13,NA
"1134","rho",12.5,0.00115950633405056,0.13,NA
"1135","rho",12.6,0.00113885012575783,0.13,NA
"1136","rho",12.7,0.00111855719749598,0.13,NA
"1137","rho",12.8,0.00109862162219281,0.13,NA
"1138","rho",12.9,0.0010790375436101,0.13,NA
"1139","rho",13,0.00106077472969448,0.12,NA
"1140","rho",13.1,0.0010433191172685,0.12,NA
"1141","rho",13.2,0.0010261471853389,0.12,NA
"1142","rho",13.3,0.00100925467730468,0.12,NA
"1143","rho",13.4,0.000992637381709951,0.12,NA
"1144","rho",13.5,0.000976291135279475,0.12,NA
"1145","rho",13.6,0.000960211823521148,0.12,NA
"1146","rho",13.7,0.000944395380672439,0.12,NA
"1147","rho",13.8,0.000928837789617186,0.12,NA
"1148","rho",13.9,0.000913535081773603,0.12,NA
"1149","rho",14,0.000899288991121193,0.11,NA
"1150","rho",14.1,0.000885697670007582,0.11,NA
"1151","rho",14.2,0.000872310016982151,0.11,NA
"1152","rho",14.3,0.000859123175139935,0.11,NA
"1153","rho",14.4,0.000846179948215877,0.11,NA
"1154","rho",14.5,0.000833388501076266,0.11,NA
"1155","rho",14.6,0.000820789547013182,0.11,NA
"1156","rho",14.7,0.000808380329663495,0.11,NA
"1157","rho",14.8,0.000796158087723666,0.11,NA
"1158","rho",14.9,0.00078411340530414,0.11,NA
"1159","rho",15,0.000772255329802333,0.11,NA
"1160","rho",15.1,0.000760576525200631,0.11,NA
"1161","rho",15.2,0.000749868232580632,0.1,NA
"1162","rho",15.3,0.000739544160184137,0.1,NA
"1163","rho",15.4,0.000729360335027127,0.1,NA
"1164","rho",15.5,0.00071931424998798,0.1,NA
"1165","rho",15.6,0.000709410229804617,0.1,NA
"1166","rho",15.7,0.00069964481935177,0.1,NA
"1167","rho",15.8,0.000690013659178301,0.1,NA
"1168","rho",15.9,0.000680514983064095,0.1,NA
"1169","rho",16,0.000671147227865179,0.1,NA
"1170","rho",16.1,0.000661908668402605,0.1,NA
"1171","rho",16.2,0.000652797585916984,0.1,NA
"1172","rho",16.3,0.000643812279928213,0.1,NA
"1173","rho",16.4,0.000634951068278762,0.1,NA
"1174","rho",16.5,0.000626212287189007,0.1,NA
"1175","rho",16.6,0.000617896432574612,0.09,NA
"1176","rho",16.7,0.000610223292980962,0.09,NA
"1177","rho",16.8,0.000602645888447531,0.09,NA
"1178","rho",16.9,0.000595163075641697,0.09,NA
"1179","rho",17,0.000587773716619628,0.09,NA
"1180","rho",17.1,0.000580476678352765,0.09,NA
"1181","rho",17.2,0.00057327083225201,0.09,NA
"1182","rho",17.3,0.000566155053687998,0.09,NA
"1183","rho",17.4,0.000559128221508514,0.09,NA
"1184","rho",17.5,0.000552189217553345,0.09,NA
"1185","rho",17.6,0.000545336926165703,0.09,NA
"1186","rho",17.7,0.000538570233701897,0.09,NA
"1187","rho",17.8,0.0005318880280372,0.09,NA
"1188","rho",17.9,0.000525289198070086,0.09,NA
"1189","rho",18,0.000518772633223495,0.09,NA
"1190","rho",18.1,0.000512337362713856,0.09,NA
"1191","rho",18.2,0.000505982637894554,0.09,NA
"1192","rho",18.3,0.000499707473738741,0.09,NA
"1193","rho",18.4,0.000493936815233786,0.08,NA
"1194","rho",18.5,0.000488467219024509,0.08,NA
"1195","rho",18.6,0.00048305898069157,0.08,NA
"1196","rho",18.7,0.000477711540781511,0.08,NA
"1197","rho",18.8,0.000472424353317178,0.08,NA
"1198","rho",18.9,0.000467196840773274,0.08,NA
"1199","rho",19,0.000462028013731052,0.08,NA
"1200","rho",19.1,0.000456952810915533,0.08,NA
"1201","rho",19.2,0.00045189836362673,0.08,NA
"1202","rho",19.3,0.000446900395649433,0.08,NA
"1203","rho",19.4,0.000441958292746329,0.08,NA
"1204","rho",19.5,0.000437071446887099,0.08,NA
"1205","rho",19.6,0.000432239256213711,0.08,NA
"1206","rho",19.7,0.000427461125004147,0.08,NA
"1207","rho",19.8,0.000422736463634661,0.08,NA
"1208","rho",19.9,0.000418064688540734,0.08,NA
"1209","rho",20,0.000413445096301009,0.08,NA
"1210","rho",20.1,0.000408877117868738,0.08,NA
"1211","rho",20.2,0.000404360326618139,0.08,NA
"1212","rho",20.3,0.0003998941639358,0.08,NA
"1213","rho",20.4,0.000395478077342691,0.08,NA
"1214","rho",20.5,0.000391111519208341,0.08,NA
"1215","rho",20.6,0.000386931959123102,0.07,NA
"1216","rho",20.7,0.000383172195856621,0.07,NA
"1217","rho",20.8,0.000379449439203881,0.07,NA
"1218","rho",20.9,0.000375763332936897,0.07,NA
"1219","rho",21,0.00037211352422723,0.07,NA
"1220","rho",21.1,0.000368499663632316,0.07,NA
"1221","rho",21.2,0.000364921405084976,0.07,NA
"1222","rho",21.3,0.000361378405879199,0.07,NA
"1223","rho",21.4,0.000357870326655291,0.07,NA
"1224","rho",21.5,0.0003543968313839,0.07,NA
"1225","rho",21.6,0.000350957587349128,0.07,NA
"1226","rho",21.7,0.000347552265130994,0.07,NA
"1227","rho",21.8,0.000344180538586812,0.07,NA
"1228","rho",21.9,0.000340842082539669,0.07,NA
"1229","rho",22,0.000337536556734302,0.07,NA
"1230","rho",22.1,0.000334263636381171,0.07,NA
"1231","rho",22.2,0.000331023003842318,0.07,NA
"1232","rho",22.3,0.000327814344531972,0.07,NA
"1233","rho",22.4,0.000324637346902242,0.07,NA
"1234","rho",22.5,0.000321491702427942,0.07,NA
"1235","rho",22.6,0.000318377105590882,0.07,NA
"1236","rho",22.7,0.000315293253862448,0.07,NA
"1237","rho",22.8,0.000312239847686939,0.07,NA
"1238","rho",22.9,0.000309216590462727,0.07,NA
"1239","rho",23,0.000306223188523715,0.07,NA
"1240","rho",23.1,0.000303259351120135,0.07,NA
"1241","rho",23.2,0.000300324790398724,0.07,NA
"1242","rho",23.3,0.000297419221382194,0.07,NA
"1243","rho",23.4,0.000294542361945037,0.07,NA
"1244","rho",23.5,0.000291693922851979,0.07,NA
"1245","rho",23.6,0.000289244071795528,0.06,NA
"1246","rho",23.7,0.000286826439701135,0.06,NA
"1247","rho",23.8,0.00028442940757904,0.06,NA
"1248","rho",23.9,0.000282052798624907,0.06,NA
"1249","rho",24,0.000279696543600309,0.06,NA
"1250","rho",24.1,0.000277360274123195,0.06,NA
"1251","rho",24.2,0.000275043917366067,0.06,NA
"1252","rho",24.3,0.000272747304679718,0.06,NA
"1253","rho",24.4,0.000270470268761558,0.06,NA
"1254","rho",24.5,0.000268212643644375,0.06,NA
"1255","rho",24.6,0.000265974264701335,0.06,NA
"1256","rho",24.7,0.000263754968662165,0.06,NA
"1257","rho",24.8,0.000261554593531346,0.06,NA
"1258","rho",24.9,0.000259372978608057,0.06,NA
"1259","rho",25,0.000257209964478731,0.06,NA
"1260",NA,NA,NA,NA,NA
"1261","mu",0,1.71505659792008,26.79,NA
"1262","mu",0.1,1.85394691618324,27.8,NA
"1263","mu",0.2,2.01512856058843,28.89,NA
"1264","mu",0.3,2.2039242034473,30.05,NA
"1265","mu",0.4,2.4273295184206,31.31,NA
"1266","mu",0.5,2.69465405076978,32.65,NA
"1267","mu",0.6,3.01844246696965,34.09,NA
"1268","mu",0.7,3.41580378833583,35.63,NA
"1269","mu",0.8,3.91032695655506,37.27,NA
"1270","mu",0.9,4.534812433427,38.98,NA
"1271","mu",1,5.33506508723051,40.76,NA
"1272","mu",1.1,6.3748762266154,42.55,NA
"1273","mu",1.2,7.74186354011599,44.29,NA
"1274","mu",1.3,9.55268768115932,45.89,NA
"1275","mu",1.4,11.9540803545267,47.22,NA
"1276","mu",1.5,15.1138339289654,48.15,NA
"1277","mu",1.6,19.1964609303908,48.57,NA
"1278","mu",1.7,24.3259030280619,48.43,NA
"1279","mu",1.8,30.5504503761994,47.77,NA
"1280","mu",1.9,37.8295265972895,46.69,56.16
"1281","mu",2,46.0487137109834,45.33,50.01
"1282","mu",2.1,55.0511006891593,43.81,45.77
"1283","mu",2.2,64.668060949178,42.23,42.46
"1284","mu",2.3,74.7401676887765,40.66,39.76
"1285","mu",2.4,85.1276220571128,39.13,37.47
"1286","mu",2.5,95.7132926469217,37.67,35.5
"1287","mu",2.6,106.401918851871,36.3,33.77
"1288","mu",2.7,117.117337896816,35.01,32.23
"1289","mu",2.8,127.799641122713,33.8,30.86
"1290","mu",2.9,138.402157992129,32.66,29.62
"1291","mu",3,148.888848002096,31.6,28.49
"1292","mu",3.1,159.232421100596,30.62,27.47
"1293","mu",3.2,169.412407119857,29.69,26.52
"1294","mu",3.3,179.413681966298,28.82,25.65
"1295","mu",3.4,189.225567673316,28.01,24.85
"1296","mu",3.5,198.841040218782,27.24,24.1
"1297","mu",3.6,208.255457459077,26.52,23.4
"1298","mu",3.7,217.466587981681,25.84,22.75
"1299","mu",3.8,226.473857409787,25.2,22.14
"1300","mu",3.9,235.277975425314,24.59,21.57
"1301","mu",4,243.880947086573,24.02,21.03
"1302","mu",4.1,252.285033404099,23.48,20.52
"1303","mu",4.2,260.494125911586,22.96,20.04
"1304","mu",4.3,268.511359064294,22.47,19.59
"1305","mu",4.4,276.341157741792,22,19.16
"1306","mu",4.5,283.987451413877,21.55,18.75
"1307","mu",4.6,291.455439150863,21.13,18.36
"1308","mu",4.7,298.748945984932,20.72,17.99
"1309","mu",4.8,305.872995809676,20.34,17.63
"1310","mu",4.9,312.832447327125,19.96,17.3
"1311","mu",5,319.631827849013,19.61,16.97
"1312","mu",5.1,326.275372496472,19.27,16.67
"1313","mu",5.2,332.768155764509,18.94,16.37
"1314","mu",5.3,339.113840560928,18.62,16.09
"1315","mu",5.4,345.317937060368,18.32,15.82
"1316","mu",5.5,351.383815202168,18.03,15.55
"1317","mu",5.6,357.315801352617,17.75,15.3
"1318","mu",5.7,363.117966091272,17.48,15.06
"1319","mu",5.8,368.794222580504,17.22,14.83
"1320","mu",5.9,374.348294286062,16.97,14.6
"1321","mu",6,379.783543993381,16.73,14.39
"1322","mu",6.1,385.104907822958,16.49,14.18
"1323","mu",6.2,390.313936367671,16.26,13.98
"1324","mu",6.3,395.41511569482,16.04,13.78
"1325","mu",6.4,400.411947542075,15.83,13.59
"1326","mu",6.5,405.306137949023,15.63,13.41
"1327","mu",6.6,410.102093856579,15.43,13.23
"1328","mu",6.7,414.802226662418,15.23,13.06
"1329","mu",6.8,419.408606587979,15.05,12.89
"1330","mu",6.9,423.925582973154,14.86,12.73
"1331","mu",7,428.354091092368,14.69,12.58
"1332","mu",7.1,432.697442902295,14.51,12.43
"1333","mu",7.2,436.958448750082,14.35,12.28
"1334","mu",7.3,441.138012771264,14.18,12.14
"1335","mu",7.4,445.24038471079,14.03,12
"1336","mu",7.5,449.266328615467,13.87,11.86
"1337","mu",7.6,453.218172755374,13.72,11.73
"1338","mu",7.7,457.098325626957,13.58,11.6
"1339","mu",7.8,460.907694443036,13.44,11.48
"1340","mu",7.9,464.650233116741,13.3,11.35
"1341","mu",8,468.326352011268,13.16,11.23
"1342","mu",8.1,471.937833240394,13.03,11.12
"1343","mu",8.2,475.486302648263,12.9,11.01
"1344","mu",8.3,478.97313286685,12.78,10.9
"1345","mu",8.4,482.401199506555,12.65,10.79
"1346","mu",8.5,485.771040461294,12.53,10.68
"1347","mu",8.6,489.085020672436,12.42,10.58
"1348","mu",8.7,492.34346109215,12.3,10.48
"1349","mu",8.8,495.548721490024,12.19,10.38
"1350","mu",8.9,498.701110084268,12.08,10.29
"1351","mu",9,501.801772884278,11.98,10.2
"1352","mu",9.1,504.85476045934,11.87,10.1
"1353","mu",9.2,507.858083666397,11.77,10.01
"1354","mu",9.3,510.814083496532,11.67,9.93
"1355","mu",9.4,513.723940479499,11.57,9.84
"1356","mu",9.5,516.58711239414,11.47,9.76
"1357","mu",9.6,519.40939876878,11.38,9.68
"1358","mu",9.7,522.187162313502,11.29,9.6
"1359","mu",9.8,524.922936264557,11.2,9.52
"1360","mu",9.9,527.617864894569,11.11,9.44
"1361","mu",10,530.271726472613,11.02,9.36
"1362","mu",10.1,532.888185238076,10.94,9.29
"1363","mu",10.2,535.464059851987,10.86,9.22
"1364","mu",10.3,538.004989242402,10.77,9.15
"1365","mu",10.4,540.508661402229,10.69,9.08
"1366","mu",10.5,542.975786256229,10.61,9.01
"1367","mu",10.6,545.409382042916,10.54,8.94
"1368","mu",10.7,547.808780980338,10.46,8.87
"1369","mu",10.8,550.173137739469,10.39,8.81
"1370","mu",10.9,552.505975786202,10.31,8.75
"1371","mu",11,554.807313709327,10.24,8.68
"1372","mu",11.1,557.076730766779,10.17,8.62
"1373","mu",11.2,559.315326292784,10.1,8.56
"1374","mu",11.3,561.523416910524,10.03,8.5
"1375","mu",11.4,563.701636622961,9.97,8.44
"1376","mu",11.5,565.853834656641,9.9,8.39
"1377","mu",11.6,567.974145975498,9.83,8.33
"1378","mu",11.7,570.070807547044,9.77,8.27
"1379","mu",11.8,572.138190276663,9.71,8.22
"1380","mu",11.9,574.178397283419,9.65,8.17
"1381","mu",12,576.192950534336,9.59,8.11
"1382","mu",12.1,578.182809942638,9.53,8.06
"1383","mu",12.2,580.148387998941,9.47,8.01
"1384","mu",12.3,582.08955988446,9.41,7.96
"1385","mu",12.4,584.005669068095,9.35,7.91
"1386","mu",12.5,585.896840312726,9.3,7.86
"1387","mu",12.6,587.76849125611,9.24,7.81
"1388","mu",12.7,589.613746421952,9.19,7.77
"1389","mu",12.8,591.439960043838,9.13,7.72
"1390","mu",12.9,593.243470531816,9.08,7.68
"1391","mu",13,595.024356623179,9.03,7.63
"1392","mu",13.1,596.784034762763,8.98,7.59
"1393","mu",13.2,598.523542926177,8.93,7.54
"1394","mu",13.3,600.243552757744,8.88,7.5
"1395","mu",13.4,601.944379111049,8.83,7.46
"1396","mu",13.5,603.625986985494,8.78,7.41
"1397","mu",13.6,605.287995902304,8.73,7.37
"1398","mu",13.7,606.929681723334,8.68,7.33
"1399","mu",13.8,608.553204030828,8.64,7.29
"1400","mu",13.9,610.160762863751,8.59,7.25
"1401","mu",14,611.746340260717,8.55,7.21
"1402","mu",14.1,613.319625733506,8.5,7.17
"1403","mu",14.2,614.871829566818,8.46,7.14
"1404","mu",14.3,616.408410170852,8.41,7.1
"1405","mu",14.4,617.929683454356,8.37,7.06
"1406","mu",14.5,619.432887215752,8.33,7.03
"1407","mu",14.6,620.919229299585,8.29,6.99
"1408","mu",14.7,622.389684134679,8.25,6.95
"1409","mu",14.8,623.846225894364,8.2,6.92
"1410","mu",14.9,625.287363724826,8.16,6.88
"1411","mu",15,626.712878661873,8.12,6.85
"1412","mu",15.1,628.12439667169,8.09,6.82
"1413","mu",15.2,629.522394184576,8.05,6.78
"1414","mu",15.3,630.905842940677,8.01,6.75
"1415","mu",15.4,632.27425352906,7.97,6.72
"1416","mu",15.5,633.626936532514,7.93,6.69
"1417","mu",15.6,634.968380973532,7.9,6.65
"1418","mu",15.7,636.297145677349,7.86,6.62
"1419","mu",15.8,637.608435402682,7.82,6.59
"1420","mu",15.9,638.912636452972,7.79,6.56
"1421","mu",16,640.198952833908,7.75,6.53
"1422","mu",16.1,641.477142449241,7.72,6.5
"1423","mu",16.2,642.737138456263,7.69,6.47
"1424","mu",16.3,643.991925980069,7.65,6.44
"1425","mu",16.4,645.230643633997,7.62,6.41
"1426","mu",16.5,646.455870438844,7.58,6.38
"1427","mu",16.6,647.674371536429,7.55,6.36
"1428","mu",16.7,648.879210950302,7.52,6.33
"1429","mu",16.8,650.071325567068,7.49,6.3
"1430","mu",16.9,651.251525990941,7.46,6.27
"1431","mu",17,652.422192806233,7.42,6.25
"1432","mu",17.1,653.58357015463,7.39,6.22
"1433","mu",17.2,654.733726122852,7.36,6.19
"1434","mu",17.3,655.873012765039,7.33,6.17
"1435","mu",17.4,657.001673877373,7.3,6.14
"1436","mu",17.5,658.119847499676,7.27,6.12
"1437","mu",17.6,659.227567953621,7.24,6.09
"1438","mu",17.7,660.324767361563,7.21,6.07
"1439","mu",17.8,661.414208151808,7.19,6.04
"1440","mu",17.9,662.495102259704,7.16,6.02
"1441","mu",18,663.565774141917,7.13,5.99
"1442","mu",18.1,664.625775310549,7.1,5.97
"1443","mu",18.2,665.674558654515,7.07,5.95
"1444","mu",18.3,666.717275455452,7.05,5.92
"1445","mu",18.4,667.75215626746,7.02,5.9
"1446","mu",18.5,668.774784541386,6.99,5.88
"1447","mu",18.6,669.789556191136,6.97,5.85
"1448","mu",18.7,670.798476876297,6.94,5.83
"1449","mu",18.8,671.793355270814,6.91,5.81
"1450","mu",18.9,672.786371680086,6.89,5.79
"1451","mu",19,673.766364228344,6.86,5.76
"1452","mu",19.1,674.74110267735,6.84,5.74
"1453","mu",19.2,675.705338802412,6.81,5.72
"1454","mu",19.3,676.664189742042,6.79,5.7
"1455","mu",19.4,677.611250430169,6.76,5.68
"1456","mu",19.5,678.55609066404,6.74,5.66
"1457","mu",19.6,679.48700367608,6.72,5.64
"1458","mu",19.7,680.416235615564,6.69,5.62
"1459","mu",19.8,681.335786328581,6.67,5.6
"1460","mu",19.9,682.243618657925,6.65,5.58
"1461","mu",20,683.151943759137,6.62,5.56
"1462","mu",20.1,684.050038247006,6.6,5.54
"1463","mu",20.2,684.938102129869,6.58,5.52
"1464","mu",20.3,685.82088681784,6.55,5.5
"1465","mu",20.4,686.699893243656,6.53,5.48
"1466","mu",20.5,687.570088020921,6.51,5.46
"1467","mu",20.6,688.432029810116,6.49,5.44
"1468","mu",20.7,689.286225373319,6.47,5.42
"1469","mu",20.8,690.134934707973,6.44,5.41
"1470","mu",20.9,690.980223336745,6.42,5.39
"1471","mu",21,691.8182758498,6.4,5.37
"1472","mu",21.1,692.649417594155,6.38,5.35
"1473","mu",21.2,693.473930035851,6.36,5.33
"1474","mu",21.3,694.292052092297,6.34,5.32
"1475","mu",21.4,695.103981461648,6.32,5.3
"1476","mu",21.5,695.90987566932,6.3,5.28
"1477","mu",21.6,696.709853047263,6.28,5.26
"1478","mu",21.7,697.503993697252,6.26,5.25
"1479","mu",21.8,698.292339992872,6.24,5.23
"1480","mu",21.9,699.074897354985,6.22,5.21
"1481","mu",22,699.851634674502,6.2,5.2
"1482","mu",22.1,700.622484697087,6.18,5.18
"1483","mu",22.2,701.387344068974,6.16,5.16
"1484","mu",22.3,702.14607377189,6.14,5.15
"1485","mu",22.4,702.898498919434,6.12,5.13
"1486","mu",22.5,703.649835093126,6.11,5.12
"1487","mu",22.6,704.395974143992,6.09,5.1
"1488","mu",22.7,705.135855265684,6.07,5.08
"1489","mu",22.8,705.869174145815,6.05,5.07
"1490","mu",22.9,706.595590560378,6.03,5.05
"1491","mu",23,707.316976003385,6.02,5.04
"1492","mu",23.1,708.038884817042,6,5.02
"1493","mu",23.2,708.753495934972,5.98,5.01
"1494","mu",23.3,709.460340645134,5.96,4.99
"1495","mu",23.4,710.161102310959,5.95,4.98
"1496","mu",23.5,710.864097437877,5.93,4.96
"1497","mu",23.6,711.558595540445,5.91,4.95
"1498","mu",23.7,712.243994657613,5.89,4.93
"1499","mu",23.8,712.931978974632,5.88,4.92
"1500","mu",23.9,713.613392427617,5.86,4.91
"1501","mu",24,714.284638056773,5.84,4.89
"1502","mu",24.1,714.959665305359,5.83,4.88
"1503","mu",24.2,715.626597066626,5.81,4.86
"1504","mu",24.3,716.285204550239,5.8,4.85
"1505","mu",24.4,716.94775137873,5.78,4.84
"1506","mu",24.5,717.598153968716,5.76,4.82
"1507","mu",24.6,718.249944272874,5.75,4.81
"1508","mu",24.7,718.894983982508,5.73,4.8
"1509","mu",24.8,719.534664022936,5.72,4.78
"1510","mu",24.9,720.173868576431,5.7,4.77
"1511","mu",25,720.80306531259,5.69,4.76
"1512",NA,NA,NA,NA,NA
"1513","psi",0,156.508669526003,43.64,36.23
"1514","psi",0.1,170.282964623903,40.82,34.03
"1515","psi",0.2,183.22159488141,38.37,32.12
"1516","psi",0.3,195.35862077224,36.23,30.43
"1517","psi",0.4,206.737961947256,34.34,28.94
"1518","psi",0.5,217.407452507253,32.66,27.6
"1519","psi",0.6,227.415548491808,31.16,26.4
"1520","psi",0.7,236.809507725152,29.8,25.31
"1521","psi",0.8,245.634331140435,28.58,24.33
"1522","psi",0.9,253.931854395281,27.47,23.43
"1523","psi",1,261.741453527975,26.45,22.6
"1524","psi",1.1,269.098967860794,25.51,21.84
"1525","psi",1.2,276.037684715572,24.65,21.13
"1526","psi",1.3,282.587861876812,23.86,20.48
"1527","psi",1.4,288.777632869768,23.12,19.88
"1528","psi",1.5,294.632265175882,22.43,19.31
"1529","psi",1.6,300.175199615226,21.79,18.78
"1530","psi",1.7,305.4277557271,21.19,18.29
"1531","psi",1.8,310.409718634572,20.63,17.82
"1532","psi",1.9,315.13867381438,20.1,17.39
"1533","psi",2,319.631827849013,19.61,16.97
"1534","psi",2.1,323.903800387247,19.14,16.59
"1535","psi",2.2,327.968545123823,18.7,16.22
"1536","psi",2.3,331.839198856311,18.28,15.87
"1537","psi",2.4,335.527241345154,17.88,15.54
"1538","psi",2.5,339.043878692217,17.51,15.22
"1539","psi",2.6,342.39956353813,17.15,14.92
"1540","psi",2.7,345.602981958115,16.81,14.64
"1541","psi",2.8,348.663222864988,16.48,14.36
"1542","psi",2.9,351.588258186379,16.17,14.1
"1543","psi",3,354.385287449145,15.88,13.85
"1544","psi",3.1,357.06202364299,15.59,13.61
"1545","psi",3.2,359.624412338045,15.32,13.39
"1546","psi",3.3,362.078380875019,15.06,13.17
"1547","psi",3.4,364.429669798924,14.81,12.96
"1548","psi",3.5,366.683584574693,14.57,12.75
"1549","psi",3.6,368.845120989998,14.34,12.56
"1550","psi",3.7,370.918815063647,14.12,12.37
"1551","psi",3.8,372.908312496998,13.91,12.19
"1552","psi",3.9,374.819486772169,13.7,12.02
"1553","psi",4,376.654152015115,13.5,11.85
"1554","psi",4.1,378.417073605591,13.31,11.69
"1555","psi",4.2,380.110333104003,13.13,11.53
"1556","psi",4.3,381.739063874451,12.95,11.38
"1557","psi",4.4,383.303681879576,12.78,11.23
"1558","psi",4.5,384.810515662037,12.61,11.09
"1559","psi",4.6,386.258513154181,12.45,10.95
"1560","psi",4.7,387.653030672054,12.29,10.82
"1561","psi",4.8,388.994204986449,12.14,10.69
"1562","psi",4.9,390.285628399018,11.99,10.56
"1563","psi",5,391.528657728802,11.85,10.44
"1564","psi",5.1,392.726002801692,11.71,10.33
"1565","psi",5.2,393.877354040848,11.58,10.21
"1566","psi",5.3,394.988296600943,11.44,10.1
"1567","psi",5.4,396.059001934148,11.32,9.99
"1568","psi",5.5,397.089391880619,11.19,9.89
"1569","psi",5.6,398.082823905411,11.07,9.78
"1570","psi",5.7,399.040117038173,10.96,9.68
"1571","psi",5.8,399.963092047789,10.84,9.59
"1572","psi",5.9,400.852650452352,10.73,9.49
"1573","psi",6,401.70894124617,10.62,9.4
"1574","psi",6.1,402.535979296457,10.52,9.31
"1575","psi",6.2,403.33092288018,10.42,9.22
"1576","psi",6.3,404.098471052912,10.32,9.13
"1577","psi",6.4,404.840021583693,10.22,9.05
"1578","psi",6.5,405.553701963318,10.12,8.97
"1579","psi",6.6,406.24171782727,10.03,8.89
"1580","psi",6.7,406.904335414239,9.94,8.81
"1581","psi",6.8,407.543710261854,9.85,8.74
"1582","psi",6.9,408.159381100992,9.76,8.66
"1583","psi",7,408.752375610317,9.68,8.59
"1584","psi",7.1,409.323791398242,9.59,8.52
"1585","psi",7.2,409.87584560915,9.51,8.45
"1586","psi",7.3,410.406576102278,9.43,8.38
"1587","psi",7.4,410.916604907013,9.36,8.31
"1588","psi",7.5,411.411812880985,9.28,8.25
"1589","psi",7.6,411.884071842045,9.2,8.18
"1590","psi",7.7,412.343052428208,9.13,8.12
"1591","psi",7.8,412.783077156566,9.06,8.06
"1592","psi",7.9,413.206331051615,8.99,8
"1593","psi",8,413.613474935793,8.92,7.94
"1594","psi",8.1,414.003665102256,8.85,7.88
"1595","psi",8.2,414.381235546786,8.79,7.83
"1596","psi",8.3,414.743198630509,8.72,7.77
"1597","psi",8.4,415.092129630475,8.66,7.72
"1598","psi",8.5,415.425139504399,8.6,7.66
"1599","psi",8.6,415.744886739051,8.54,7.61
"1600","psi",8.7,416.052931020867,8.48,7.56
"1601","psi",8.8,416.349751204064,8.42,7.51
"1602","psi",8.9,416.634760176762,8.36,7.46
"1603","psi",9,416.906316756607,8.3,7.41
"1604","psi",9.1,417.164610554516,8.25,7.36
"1605","psi",9.2,417.416220669061,8.19,7.31
"1606","psi",9.3,417.653552490922,8.14,7.27
"1607","psi",9.4,417.880103941531,8.08,7.22
"1608","psi",9.5,418.099989756334,8.03,7.18
"1609","psi",9.6,418.308482662583,7.98,7.13
"1610","psi",9.7,418.506874543495,7.93,7.09
"1611","psi",9.8,418.695733631029,7.88,7.05
"1612","psi",9.9,418.874915397101,7.83,7
"1613","psi",10,419.043571905747,7.78,6.96
"1614","psi",10.1,419.207840578816,7.74,6.92
"1615","psi",10.2,419.363283925552,7.69,6.88
"1616","psi",10.3,419.504950877318,7.65,6.84
"1617","psi",10.4,419.647408921569,7.6,6.8
"1618","psi",10.5,419.774604247161,7.56,6.77
"1619","psi",10.6,419.899588035485,7.51,6.73
"1620","psi",10.7,420.01612285177,7.47,6.69
"1621","psi",10.8,420.123082717335,7.43,6.65
"1622","psi",10.9,420.222271389601,7.39,6.62
"1623","psi",11,420.31678569652,7.34,6.58
"1624","psi",11.1,420.405663866077,7.3,6.55
"1625","psi",11.2,420.487108513692,7.26,6.51
"1626","psi",11.3,420.561734188407,7.23,6.48
"1627","psi",11.4,420.633575564584,7.19,6.45
"1628","psi",11.5,420.699240273632,7.15,6.41
"1629","psi",11.6,420.757516592787,7.11,6.38
"1630","psi",11.7,420.806783650419,7.07,6.35
"1631","psi",11.8,420.854960576058,7.04,6.32
"1632","psi",11.9,420.897717580773,7,6.29
"1633","psi",12,420.930063926032,6.97,6.26
"1634","psi",12.1,420.965273337365,6.93,6.23
"1635","psi",12.2,420.987992665272,6.9,6.2
"1636","psi",12.3,421.01194434343,6.86,6.17
"1637","psi",12.4,421.028822474787,6.83,6.14
"1638","psi",12.5,421.035807654865,6.8,6.11
"1639","psi",12.6,421.047681771756,6.76,6.08
"1640","psi",12.7,421.052169352295,6.73,6.05
"1641","psi",12.8,421.050127826937,6.7,6.03
"1642","psi",12.9,421.042782368077,6.67,6
"1643","psi",13,421.03112087509,6.64,5.97
"1644","psi",13.1,421.017341175437,6.6,5.94
"1645","psi",13.2,421.000854533963,6.57,5.92
"1646","psi",13.3,420.979702656491,6.54,5.89
"1647","psi",13.4,420.953944037432,6.51,5.87
"1648","psi",13.5,420.926572544689,6.49,5.84
"1649","psi",13.6,420.896992316022,6.46,5.82
"1650","psi",13.7,420.863700667353,6.43,5.79
"1651","psi",13.8,420.825921056947,6.4,5.77
"1652","psi",13.9,420.782668967763,6.37,5.74
"1653","psi",14,420.732753917272,6.34,5.72
"1654","psi",14.1,420.688696799546,6.32,5.7
"1655","psi",14.2,420.639048656411,6.29,5.67
"1656","psi",14.3,420.580121017229,6.26,5.65
"1657","psi",14.4,420.526076631852,6.24,5.63
"1658","psi",14.5,420.466396682483,6.21,5.61
"1659","psi",14.6,420.400097045098,6.19,5.58
"1660","psi",14.7,420.338582802152,6.16,5.56
"1661","psi",14.8,420.264926818401,6.14,5.54
"1662","psi",14.9,420.199248177711,6.11,5.52
"1663","psi",15,420.12202062854,6.09,5.5
"1664","psi",15.1,420.048630641507,6.06,5.48
"1665","psi",15.2,419.97054105831,6.04,5.45
"1666","psi",15.3,419.884702422874,6.01,5.43
"1667","psi",15.4,419.807419141525,5.99,5.41
"1668","psi",15.5,419.720633059005,5.97,5.39
"1669","psi",15.6,419.627406920524,5.94,5.37
"1670","psi",15.7,419.543550288037,5.92,5.35
"1671","psi",15.8,419.452872395637,5.9,5.34
"1672","psi",15.9,419.356484933509,5.88,5.32
"1673","psi",16,419.255398085771,5.86,5.3
"1674","psi",16.1,419.160834006323,5.83,5.28
"1675","psi",16.2,419.063673041166,5.81,5.26
"1676","psi",16.3,418.962908729802,5.79,5.24
"1677","psi",16.4,418.859155690172,5.77,5.22
"1678","psi",16.5,418.752935700898,5.75,5.2
"1679","psi",16.6,418.644679150179,5.73,5.19
"1680","psi",16.7,418.534726674623,5.71,5.17
"1681","psi",16.8,418.423330511115,5.69,5.15
"1682","psi",16.9,418.310655826377,5.67,5.13
"1683","psi",17,418.196782015938,5.65,5.12
"1684","psi",17.1,418.081703890941,5.63,5.1
"1685","psi",17.2,417.965332871347,5.61,5.08
"1686","psi",17.3,417.847497978212,5.59,5.07
"1687","psi",17.4,417.727946905203,5.57,5.05
"1688","psi",17.5,417.606346925599,5.55,5.03
"1689","psi",17.6,417.482285929354,5.53,5.02
"1690","psi",17.7,417.355273107839,5.51,5
"1691","psi",17.8,417.224739969886,5.49,4.98
"1692","psi",17.9,417.100525473803,5.48,4.97
"1693","psi",18,416.975955160238,5.46,4.95
"1694","psi",18.1,416.847241740989,5.44,4.94
"1695","psi",18.2,416.713526728318,5.42,4.92
"1696","psi",18.3,416.574195352575,5.41,4.91
"1697","psi",18.4,416.448196027289,5.39,4.89
"1698","psi",18.5,416.31576825742,5.37,4.88
"1699","psi",18.6,416.175775081235,5.35,4.86
"1700","psi",18.7,416.037468332251,5.34,4.85
"1701","psi",18.8,415.904977318418,5.32,4.83
"1702","psi",18.9,415.762725472666,5.3,4.82
"1703","psi",19,415.620207127206,5.29,4.8
"1704","psi",19.1,415.484713556308,5.27,4.79
"1705","psi",19.2,415.336716608822,5.25,4.78
"1706","psi",19.3,415.197047091853,5.24,4.76
"1707","psi",19.4,415.054078460791,5.22,4.75
"1708","psi",19.5,414.903020218076,5.21,4.73
"1709","psi",19.6,414.764286680693,5.19,4.72
"1710","psi",19.7,414.607885098065,5.17,4.71
"1711","psi",19.8,414.469489552665,5.16,4.69
"1712","psi",19.9,414.314041750166,5.14,4.68
"1713","psi",20,414.171111888581,5.13,4.67
"1714","psi",20.1,414.014849790481,5.11,4.65
"1715","psi",20.2,413.869875927541,5.1,4.64
"1716","psi",20.3,413.710663151088,5.08,4.63
"1717","psi",20.4,413.565819927509,5.07,4.62
"1718","psi",20.5,413.401159505173,5.05,4.6
"1719","psi",20.6,413.25831585856,5.04,4.59
"1720","psi",20.7,413.097261526912,5.03,4.58
"1721","psi",20.8,412.946085465814,5.01,4.57
"1722","psi",20.9,412.790140093916,5,4.55
"1723","psi",21,412.627214800449,4.98,4.54
"1724","psi",21.1,412.477529386601,4.97,4.53
"1725","psi",21.2,412.313578297572,4.96,4.52
"1726","psi",21.3,412.1566174877,4.94,4.51
"1727","psi",21.4,412.001013632909,4.93,4.49
"1728","psi",21.5,411.833269065867,4.92,4.48
"1729","psi",21.6,411.677216471084,4.9,4.47
"1730","psi",21.7,411.519332640327,4.89,4.46
"1731","psi",21.8,411.351164109793,4.88,4.45
"1732","psi",21.9,411.190005321452,4.86,4.44
"1733","psi",22,411.032661365275,4.85,4.43
"1734","psi",22.1,410.866632604496,4.84,4.41
"1735","psi",22.2,410.693421169897,4.82,4.4
"1736","psi",22.3,410.538652460358,4.81,4.39
"1737","psi",22.4,410.376554944709,4.8,4.38
"1738","psi",22.5,410.207767405692,4.79,4.37
"1739","psi",22.6,410.03290448484,4.78,4.36
"1740","psi",22.7,409.87540585336,4.76,4.35
"1741","psi",22.8,409.712647020696,4.75,4.34
"1742","psi",22.9,409.544788522019,4.74,4.33
"1743","psi",23,409.372349098333,4.73,4.32
"1744","psi",23.1,409.198712076492,4.71,4.31
"1745","psi",23.2,409.03775342759,4.7,4.3
"1746","psi",23.3,408.872904328208,4.69,4.29
"1747","psi",23.4,408.704593486804,4.68,4.28
"1748","psi",23.5,408.533228593092,4.67,4.27
"1749","psi",23.6,408.359196015165,4.66,4.26
"1750","psi",23.7,408.182862037198,4.65,4.25
"1751","psi",23.8,408.016804232831,4.63,4.24
"1752","psi",23.9,407.850444762329,4.62,4.23
"1753","psi",24,407.682015250707,4.61,4.22
"1754","psi",24.1,407.511800632513,4.6,4.21
"1755","psi",24.2,407.340066215504,4.59,4.2
"1756","psi",24.3,407.167058668323,4.58,4.19
"1757","psi",24.4,406.993006203679,4.57,4.18
"1758","psi",24.5,406.818118346225,4.56,4.17
"1759","psi",24.6,406.642586734871,4.55,4.16
"1760","psi",24.7,406.46658498007,4.54,4.15
"1761","psi",24.8,406.290269192879,4.53,4.14
"1762","psi",24.9,406.118214719227,4.51,4.13
"1763","psi",25,405.94639979011,4.5,4.13
