"","V1","V2","V3","V4","V5","V6"
"1","beta",0,1e+07,0,NA,1.11111111111111
"2","beta",0.1,851942303.507781,0.073,0.062,-13648591672080828416
"3","beta",0.2,851942066.672151,0.073,0.062,1146741046118924800
"4","beta",0.3,851942129.956959,0.073,0.062,504437089570379008
"5","beta",0.4,851941936.985058,0.073,0.062,3.3441696119876e+19
"6","beta",0.5,851941919.042025,0.073,0.062,-20277382618198331392
"7","beta",0.6,851941904.499539,0.073,0.062,5207545791834976256
"8","beta",0.7,851941891.72542,0.073,0.062,3824164062577880064
"9","beta",0.8,851941885.654473,0.073,0.062,-508476640210419520
"10","beta",0.9,851941813.694106,0.073,0.062,2086036733459251712
"11","beta",1,851941863.748193,0.073,0.062,-630214905084369920
"12","beta",1.1,851941859.259912,0.073,0.062,4098393976626937856
"13","beta",1.2,851941856.219639,0.073,0.062,1719616755326508288
"14","beta",1.3,851941851.285167,0.073,0.062,-1387249056344720896
"15","beta",1.4,851941849.327384,0.073,0.062,2646302170619662336
"16","beta",1.5,851941847.088892,0.073,0.062,13052223053738438656
"17","beta",1.6,851941869.51951,0.073,0.062,10274870353063940096
"18","beta",1.7,851941883.074335,0.073,0.062,-1352746885162919424
"19","beta",1.8,851941843.813933,0.073,0.062,12231245223286480896
"20","beta",1.9,851941936.890557,0.073,0.062,-2766615743559449600
"21","beta",2,851941958.732811,0.073,0.062,11416459165096912896
"22","beta",2.1,851941881.511637,0.073,0.062,5174368182782601216
"23","beta",2.2,851941864.228151,0.073,0.062,1851743450631847680
"24","beta",2.3,851941850.747942,0.073,0.062,130311513908751520
"25","beta",2.4,851941873.433403,0.073,0.062,6325486589612520448
"26","beta",2.5,851941868.625598,0.073,0.062,396077968210610624
"27","beta",2.6,851941881.409278,0.073,0.062,132698760109584224
"28","beta",2.7,851941870.685627,0.073,0.062,-1355631866252014080
"29","beta",2.8,851941871.854289,0.073,0.062,678744231845110272
"30","beta",2.9,851941909.351961,0.073,0.062,508616595371375232
"31","beta",3,851941908.624061,0.073,0.062,440258975336832512
"32","beta",3.1,851941884.395979,0.073,0.062,2754381654025937408
"33","beta",3.2,851941887.374584,0.073,0.062,6548881658369806336
"34","beta",3.3,851941885.619687,0.073,0.062,1912696218910488320
"35","beta",3.4,851941946.898946,0.073,0.062,146236971009927296
"36","beta",3.5,851941950.787215,0.073,0.062,-4963434395729811456
"37","beta",3.6,851941941.674977,0.073,0.062,195317981565280064
"38","beta",3.7,851942000.583363,0.073,0.062,-1524905119352695552
"39","beta",3.8,851941892.993011,0.073,0.062,-14508354857043894272
"40","beta",3.9,851941892.555347,0.073,0.062,-8021392865244153856
"41","beta",4,851941891.831334,0.073,0.062,228469510920564896
"42","beta",4.1,851941890.246883,0.073,0.062,434110365552211136
"43","beta",4.2,851941858.230153,0.073,0.062,3747477869188674560
"44","beta",4.3,851941816.374145,0.073,0.062,-30184574386474442752
"45","beta",4.4,851941812.73713,0.073,0.062,2465255578212725760
"46","beta",4.5,851941946.267267,0.073,0.062,293953442045238528
"47","beta",4.6,851941838.723793,0.073,0.062,1585777827578031104
"48","beta",4.7,851941853.824953,0.073,0.062,1233635006897339136
"49","beta",4.8,851941885.184284,0.073,0.062,1289395930405634560
"50","beta",4.9,851941885.079524,0.073,0.062,-1835821138472275712
"51","beta",5,851941984.680058,0.073,0.062,994796100379124352
"52","beta",5.1,851941973.113292,0.073,0.062,-5897161390107960320
"53","beta",5.2,851941976.766772,0.073,0.062,548976010909508096
"54","beta",5.3,851941843.251855,0.073,0.062,1126741648887646848
"55","beta",5.4,851941986.72572,0.073,0.062,524273613872141312
"56","beta",5.5,851941979.512776,0.073,0.062,-797881528381322240
"57","beta",5.6,851941983.754034,0.073,0.062,828531050607931008
"58","beta",5.7,851941901.850398,0.073,0.062,859260367669091456
"59","beta",5.8,851941970.500557,0.073,0.062,504665052080006016
"60","beta",5.9,851941957.680184,0.073,0.062,-574391682653352000
"61","beta",6,851941958.141432,0.073,0.062,1224945317919603968
"62","beta",6.1,851941943.625996,0.073,0.062,401296149878221824
"63","beta",6.2,851941954.05537,0.073,0.062,-570543372830653824
"64","beta",6.3,851941939.656614,0.073,0.062,1220053177199143680
"65","beta",6.4,851941991.824527,0.073,0.062,2564256231325092352
"66","beta",6.5,851941989.851727,0.073,0.062,457752610043967808
"67","beta",6.6,851941985.298081,0.073,0.062,-691498112622351872
"68","beta",6.7,851941980.820623,0.073,0.062,806084557544046592
"69","beta",6.8,851941979.992918,0.073,0.062,564714588393927104
"70","beta",6.9,851941976.645961,0.073,0.062,-1069645220028468224
"71","beta",7,851941976.182227,0.073,0.062,-583388930965759616
"72","beta",7.1,851941969.404571,0.073,0.062,3662307680892515328
"73","beta",7.2,851941814.762026,0.073,0.062,-986937293708359424
"74","beta",7.3,851941847.970096,0.073,0.062,-720581956025387008
"75","beta",7.4,851941976.688718,0.073,0.062,-608399485284733056
"76","beta",7.5,851941976.796868,0.073,0.062,618318453510375040
"77","beta",7.6,851941977.457339,0.073,0.062,-1143474004447708800
"78","beta",7.7,851941977.566039,0.073,0.062,672664228591985280
"79","beta",7.8,851941977.252845,0.073,0.062,-591298858175211904
"80","beta",7.9,851941977.805216,0.073,0.062,-692219919291395200
"81","beta",8,851941978.058732,0.073,0.062,-743467579451816960
"82","beta",8.1,851941978.063974,0.073,0.062,-664662119870467968
"83","beta",8.2,851941977.546747,0.073,0.062,-490295210333784384
"84","beta",8.3,851941978.081978,0.073,0.062,-481776967860589184
"85","beta",8.4,851941978.519167,0.073,0.062,-2722671909213514240
"86","beta",8.5,851941978.458303,0.073,0.062,6.38344152312302e+21
"87","beta",8.6,851941978.208045,0.073,0.062,-1639895794010007552
"88","beta",8.7,851941978.76023,0.073,0.062,-1636321325841236224
"89","beta",8.8,851941979.036425,0.073,0.062,834321909171740416
"90","beta",8.9,851941978.716805,0.073,0.062,-217803227974830208
"91","beta",9,851941977.703379,0.073,0.062,874734434416167424
"92","beta",9.1,851941978.964742,0.073,0.062,-782322473564973056
"93","beta",9.2,851941979.866541,0.073,0.062,-1614618630660057600
"94","beta",9.3,851941979.870883,0.073,0.062,-2061123801810782464
"95","beta",9.4,851941979.007877,0.073,0.062,-1049366588827591936
"96","beta",9.5,851941979.713105,0.073,0.062,805190951112788992
"97","beta",9.6,851941976.747625,0.073,0.062,1222669992209842432
"98","beta",9.7,851941979.826475,0.073,0.062,-688438583087112960
"99","beta",9.8,851941979.417171,0.073,0.062,685823125840171264
"100","beta",9.9,851941977.191381,0.073,0.062,1136878818472852608
"101","beta",10,851941979.128368,0.073,0.062,908761614234513152
"102","beta",10.1,851941979.044562,0.073,0.062,1889565493326463488
"103","beta",10.2,851941979.247357,0.073,0.062,-167140825437021120
"104","beta",10.3,851941979.263131,0.073,0.062,1993718702844094720
"105","beta",10.4,851941979.48308,0.073,0.062,-24762385278757883904
"106","beta",10.5,851941977.981742,0.073,0.062,-3827942469252832768
"107","beta",10.6,851941978.799299,0.073,0.062,807697876199525376
"108","beta",10.7,851941978.793949,0.073,0.062,3021456858674424320
"109","beta",10.8,851941975.389447,0.073,0.062,-3436254212071878144
"110","beta",10.9,851941975.288598,0.073,0.062,5419587955948979200
"111","beta",11,851941976.392481,0.073,0.062,4462331100849280000
"112","beta",11.1,851941975.326876,0.073,0.062,1921265281970880512
"113","beta",11.2,851941975.40843,0.073,0.062,32065228094173868032
"114","beta",11.3,851941975.425592,0.073,0.062,34230790673770233856
"115","beta",11.4,851941975.430777,0.073,0.062,-124335072650550032
"116","beta",11.5,851941975.361437,0.073,0.062,5.20311583494423e+20
"117","beta",11.6,851941975.565642,0.073,0.062,3122218868146405888
"118","beta",11.7,851941975.489884,0.073,0.062,-101875613370242336
"119","beta",11.8,851941973.42,0.073,0.062,4510295369880126976
"120","beta",11.9,851941975.569906,0.073,0.062,-1969603755603357696
"121","beta",12,851941980.980983,0.073,0.062,-62190493661976297472
"122","beta",12.1,851941975.137145,0.073,0.062,-46972510454997319680
"123","beta",12.2,851941976.547947,0.073,0.062,13596326042630483968
"124","beta",12.3,851941975.599424,0.073,0.062,-5.78596112926e+18
"125","beta",12.4,851941975.524803,0.073,0.062,-42774900891952873472
"126","beta",12.5,851941975.536177,0.073,0.062,-91293236689524896
"127","beta",12.6,851941975.540545,0.073,0.062,-35778446821488664576
"128","beta",12.7,851941981.050585,0.073,0.062,-99673292164708544
"129","beta",12.8,851941980.687279,0.073,0.062,-34027558776823390208
"130","beta",12.9,851941980.633188,0.073,0.062,-38853410535443693568
"131","beta",13,851941980.763949,0.073,0.062,-35241797375538470912
"132","beta",13.1,851941980.809232,0.073,0.062,-1210037403327116288
"133","beta",13.2,851941975.866245,0.073,0.062,-62064526973991272458
"134","beta",13.3,851941975.759377,0.073,0.062,4.44850551455131e+20
"135","beta",13.4,851941979.832306,0.073,0.062,-93558235468459392
"136","beta",13.5,851941979.79814,0.073,0.062,-245695877795598464
"137","beta",13.6,851941977.37049,0.073,0.062,-50055869504369262592
"138","beta",13.7,851941980.00994,0.073,0.062,-99692084844975920
"139","beta",13.8,851941980.747156,0.073,0.062,4503475148941788672
"140","beta",13.9,851941980.945138,0.073,0.062,-910085280441604992
"141","beta",14,851941981.2484,0.073,0.062,78438416786449874944
"142","beta",14.1,851941979.987444,0.073,0.062,2086317496254180352
"143","beta",14.2,851941979.720025,0.073,0.062,-110360695997978032
"144","beta",14.3,851941980.000485,0.073,0.062,3871480930388674560
"145","beta",14.4,851941979.990352,0.073,0.062,-112691956304213968
"146","beta",14.5,851941981.282328,0.073,0.062,-101632178285920624
"147","beta",14.6,851941980.025674,0.073,0.062,4.88124199854121e+20
"148","beta",14.7,851941980.044112,0.073,0.062,-99346743458295056
"149","beta",14.8,851941980.067651,0.073,0.062,-108972083820023056
"150","beta",14.9,851941980.077762,0.073,0.062,6347617692515315712
"151","beta",15,851941981.197808,0.073,0.062,6430696461280082944
"152","beta",15.1,851941980.080689,0.073,0.062,-111087002274458496
"153","beta",15.2,851941961.697255,0.073,0.062,14568744529312237568
"154","beta",15.3,851941961.89135,0.073,0.062,-34642999608646483968
"155","beta",15.4,851941961.569778,0.073,0.062,5.21160882703162e+20
"156","beta",15.5,851941961.530774,0.073,0.062,-1.12081006263241e+21
"157","beta",15.6,851941961.676437,0.073,0.062,35660727460057841664
"158","beta",15.7,851941981.658098,0.073,0.062,5.20234543820234e+20
"159","beta",15.8,851941981.122258,0.073,0.062,-857053596104073984
"160","beta",15.9,851941980.951973,0.073,0.062,-114143427189707680
"161","beta",16,851941981.947588,0.073,0.062,2489705192412837888
"162","beta",16.1,851941981.664162,0.073,0.062,9722811542358894592
"163","beta",16.2,851941980.691505,0.073,0.062,5.1403364851685e+20
"164","beta",16.3,851941981.786454,0.073,0.062,-108748657819404272
"165","beta",16.4,851941981.345265,0.073,0.062,6100114855357574144
"166","beta",16.5,851941981.284174,0.073,0.062,8431602309302866944
"167","beta",16.6,851941981.245125,0.073,0.062,2409166702340434432
"168","beta",16.7,851941981.274651,0.073,0.062,7884053328531456000
"169","beta",16.8,851941976.964927,0.073,0.062,-19283266193409163264
"170","beta",16.9,851941979.783747,0.073,0.062,5888828980550979584
"171","beta",17,851941976.784603,0.073,0.062,17651577416250726400
"172","beta",17.1,851941980.209082,0.073,0.062,7826580311822284800
"173","beta",17.2,851941981.778575,0.073,0.062,4.97284660079199e+20
"174","beta",17.3,851941979.822756,0.073,0.062,9.91238975901004e+20
"175","beta",17.4,851941980.59815,0.073,0.062,-399801612862336576
"176","beta",17.5,851941981.846365,0.073,0.062,-167666067531855200
"177","beta",17.6,851941983.048949,0.073,0.062,1067764477686078976
"178","beta",17.7,851941984.353729,0.073,0.062,-134505651125527472
"179","beta",17.8,851941985.446401,0.073,0.062,4650366249730864128
"180","beta",17.9,851941986.692778,0.073,0.062,-130127562082380480
"181","beta",18,851941987.683467,0.073,0.062,-2198326116953570304
"182","beta",18.1,851941988.756169,0.073,0.062,2.47126523255967e+21
"183","beta",18.2,851941991.816116,0.073,0.062,2.83386524518697e+21
"184","beta",18.3,851941990.568123,0.073,0.062,-137633144122458928
"185","beta",18.4,851941975.972627,0.073,0.062,-20417919931758600192
"186","beta",18.5,851941991.51837,0.073,0.062,-130408584059975520
"187","beta",18.6,851941993.255418,0.073,0.062,6.96055367731213e+21
"188","beta",18.7,851941993.836543,0.073,0.062,504896717275219904
"189","beta",18.8,851941980.667792,0.073,0.062,3.14944276523614e+21
"190","beta",18.9,851941996.274315,0.073,0.062,4359554123826805760
"191","beta",19,851941997.120382,0.073,0.062,2.89889445764084e+21
"192","beta",19.1,851941997.994814,0.073,0.062,-1260707917117930496
"193","beta",19.2,851942000.663216,0.073,0.062,6.04374336647084e+23
"194","beta",19.3,851942001.905002,0.073,0.062,3969264347772221440
"195","beta",19.4,851942002.652585,0.073,0.062,2.4502965717195e+21
"196","beta",19.5,851942004.477602,0.073,0.062,329141902037483136
"197","beta",19.6,851941998.975834,0.073,0.062,1.5963844461491e+21
"198","beta",19.7,851941918.79248,0.073,0.062,254587872758814304
"199","beta",19.8,851941827.359244,0.073,0.062,1.82486691200076e+21
"200","beta",19.9,851941798.320143,0.073,0.062,841265931860356608
"201","beta",20,851941855.915918,0.073,0.062,882416073418258816
"202","beta",20.1,851942006.89161,0.073,0.062,-174814195481940000
"203","beta",20.2,851942005.163964,0.073,0.062,2.04590510015575e+21
"204","beta",20.3,851942007.896876,0.073,0.062,9445355271340949504
"205","beta",20.4,851942009.117187,0.073,0.062,3070527585518121984
"206","beta",20.5,851942007.283128,0.073,0.062,2.38638539225186e+21
"207","beta",20.6,851942007.948804,0.073,0.062,3565716276754106880
"208","beta",20.7,851942001.490679,0.073,0.062,493274493996821184
"209","beta",20.8,851942006.816653,0.073,0.062,509520676434848192
"210","beta",20.9,851942010.309563,0.073,0.062,-687258042472886784
"211","beta",21,851942007.787315,0.073,0.062,1285598797173683200
"212","beta",21.1,851942008.42829,0.073,0.062,-47170040164419805184
"213","beta",21.2,851942008.822635,0.073,0.062,-454604939119613824
"214","beta",21.3,851942009.295429,0.073,0.062,-10417314612745089024
"215","beta",21.4,851942009.37028,0.073,0.062,-682137437915710592
"216","beta",21.5,851942010.180657,0.073,0.062,8.38042928885883e+20
"217","beta",21.6,851942010.199231,0.073,0.062,-1483836015409072384
"218","beta",21.7,851942013.652548,0.073,0.062,9.45781742335321e+20
"219","beta",21.8,851942013.077346,0.073,0.062,553898051266767424
"220","beta",21.9,851942014.506329,0.073,0.062,1097459593328895360
"221","beta",22,851942016.651427,0.073,0.062,1.00711906234349e+21
"222","beta",22.1,851942016.888264,0.073,0.062,722843437749899520
"223","beta",22.2,851942017.433792,0.073,0.062,-249844816954180992
"224","beta",22.3,851942017.708232,0.073,0.062,731673010885087488
"225","beta",22.4,851942018.208759,0.073,0.062,-126829879305651056
"226","beta",22.5,851942012.611558,0.073,0.062,651944171484158976
"227","beta",22.6,851942013.37598,0.073,0.062,3789236481032728064
"228","beta",22.7,851942017.602617,0.073,0.062,666228761911044608
"229","beta",22.8,851942015.208754,0.073,0.062,4231073278964475904
"230","beta",22.9,851942019.601767,0.073,0.062,8.88769153533791e+21
"231","beta",23,851942019.739476,0.073,0.062,688384042253524736
"232","beta",23.1,851942020.105408,0.073,0.062,1702357290828945920
"233","beta",23.2,851942015.756424,0.073,0.062,826483708843855488
"234","beta",23.3,851942020.998272,0.073,0.062,-291695594550512192
"235","beta",23.4,851942016.793081,0.073,0.062,-718714223958105216
"236","beta",23.5,851942021.266792,0.073,0.062,845291595045374464
"237","beta",23.6,851942019.959383,0.073,0.062,-138962043523833952
"238","beta",23.7,851942020.028921,0.073,0.062,702069467814818560
"239","beta",23.8,851942021.370139,0.073,0.062,4.47158960927015e+20
"240","beta",23.9,851942017.962422,0.073,0.062,-11165503225379799040
"241","beta",24,851942022.470308,0.073,0.062,3855549107390989824
"242","beta",24.1,851942019.520793,0.073,0.062,3.35163803418607e+20
"243","beta",24.2,851942022.630519,0.073,0.062,-118436889111193856
"244","beta",24.3,851942020.324573,0.073,0.062,3469225034624481280
"245","beta",24.4,851942013.071512,0.073,0.062,845971057481247232
"246","beta",24.5,851942018.175596,0.073,0.062,791178157150089088
"247","beta",24.6,851942022.085777,0.073,0.062,835707774238922880
"248","beta",24.7,851942021.29508,0.073,0.062,-1.93738643891844e+20
"249","beta",24.8,851942021.984221,0.073,0.062,5.38153848176404e+20
"250","beta",24.9,851942021.866404,0.073,0.062,5.2538149418414e+20
"251","beta",25,851941923.235931,0.073,0.062,-81172396848419782656
"252",NA,NA,NA,NA,NA,NA
"253","muB",0,677557986.52038,0.211,0.157,1985.48505912735
"254","muB",0.1,677288059.32702,0.211,0.158,1944.00021786349
"255","muB",0.2,677008913.167649,0.211,0.158,1903.65663976308
"256","muB",0.3,676720525.803584,0.211,0.158,1864.41647990087
"257","muB",0.4,676448507.810233,0.212,0.158,1971.73638513123
"258","muB",0.5,676179609.694407,0.212,0.158,1930.7213684697
"259","muB",0.6,675901535.703924,0.212,0.158,1890.83004118184
"260","muB",0.7,675614264.081467,0.212,0.159,1852.02528604727
"261","muB",0.8,675334287.16158,0.213,0.159,1957.24645005917
"262","muB",0.9,675066235.536977,0.213,0.159,1916.71972016469
"263","muB",1,674789050.581905,0.213,0.159,1877.29855272436
"264","muB",1.1,674502711.297776,0.213,0.159,1838.94659253412
"265","muB",1.2,674215467.999769,0.214,0.159,1942.05704639021
"266","muB",1.3,673948085.150717,0.214,0.16,1902.0356081923
"267","muB",1.4,673671611.515433,0.214,0.16,1863.10114228853
"268","muB",1.5,673386026.292463,0.214,0.16,1825.21803381195
"269","muB",1.6,673092180.97937,0.215,0.16,1926.20983360317
"270","muB",1.7,672825294.385509,0.215,0.16,1886.70927936605
"271","muB",1.8,672549359.118441,0.215,0.161,1848.27666945333
"272","muB",1.9,672264355.216884,0.215,0.161,1810.87718116923
"273","muB",2,671970263.787857,0.215,0.161,1774.47727114343
"274","muB",2.1,671697987.022752,0.216,0.161,1870.78073326195
"275","muB",2.2,671422422.32212,0.216,0.161,1832.86379862442
"276","muB",2.3,671137831.461178,0.216,0.161,1795.96137157035
"277","muB",2.4,670844196.356062,0.216,0.162,1760.0406710344
"278","muB",2.5,670566275.399493,0.217,0.162,1854.28959516758
"279","muB",2.6,670290918.286802,0.217,0.162,1816.9008275992
"280","muB",2.7,670006577.351972,0.217,0.162,1780.50764319067
"281","muB",2.8,669713235.164003,0.217,0.162,1745.07802412198
"282","muB",2.9,669430261.678002,0.218,0.162,1837.27503060879
"283","muB",3,669154953.70439,0.218,0.163,1800.42561219811
"284","muB",3.1,668870704.38124,0.218,0.163,1764.55260769945
"285","muB",3.2,668577496.596641,0.218,0.163,1729.62474566098
"286","muB",3.3,668290037.721135,0.219,0.163,1819.77559791115
"287","muB",3.4,668014625.436791,0.219,0.163,1783.47546565506
"288","muB",3.5,667730313.896476,0.219,0.164,1748.13234777735
"289","muB",3.6,667437086.806697,0.219,0.164,1713.71575077589
"290","muB",3.7,667145686.437984,0.22,0.164,1801.82919141675
"291","muB",3.8,666870020.953256,0.22,0.164,1766.08705216558
"292","muB",3.9,666585498.09555,0.22,0.164,1731.28235033138
"293","muB",4,666292102.369267,0.22,0.164,1697.38537144641
"294","muB",4.1,665997282.026019,0.221,0.165,1783.47293543757
"295","muB",4.2,665721218.780471,0.221,0.165,1748.29629403518
"296","muB",4.3,665436340.180347,0.221,0.165,1714.03739789714
"297","muB",4.4,665142631.199469,0.221,0.165,1680.66729243676
"298","muB",4.5,664844890.836372,0.222,0.165,1764.7431205242
"299","muB",4.6,664568289.768118,0.222,0.166,1730.13833434451
"300","muB",4.7,664282915.341282,0.222,0.166,1696.43151661548
"301","muB",4.8,663988753.152973,0.222,0.166,1663.59447893958
"302","muB",4.9,663688571.555838,0.223,0.166,1745.67511505152
"303","muB",5,663411297.004944,0.223,0.166,1711.64743515285
"304","muB",5.1,663125290.942696,0.223,0.167,1678.49789360491
"305","muB",5.2,662830539.725695,0.223,0.167,1646.19907443724
"306","muB",5.3,662528376.248785,0.224,0.167,1726.30333561121
"307","muB",5.4,662250296.633989,0.224,0.167,1692.85693581584
"308","muB",5.5,661963527.534844,0.224,0.167,1660.2688452477
"309","muB",5.6,661668055.752227,0.224,0.167,1628.51239472601
"310","muB",5.7,661364350.349096,0.225,0.168,1706.66115684866
"311","muB",5.8,661085338.398227,0.225,0.168,1673.7991963224
"312","muB",5.9,660797678.959821,0.225,0.168,1641.77573917859
"313","muB",6,660501359.425887,0.225,0.168,1610.5648669633
"314","muB",6.1,660196533.406839,0.226,0.168,1686.78089598599
"315","muB",6.2,659916466.024447,0.226,0.169,1654.50556093295
"316","muB",6.3,659627793.047577,0.226,0.169,1623.04897558551
"317","muB",6.4,659330502.775486,0.226,0.169,1592.38598012258
"318","muB",6.5,659024959.667366,0.227,0.169,1666.69377429937
"319","muB",6.6,658743717.834542,0.227,0.169,1635.00632221641
"320","muB",6.7,658453912.253075,0.227,0.17,1604.1179502253
"321","muB",6.8,658155532.134928,0.227,0.17,1574.00425080148
"322","muB",6.9,657849658.332764,0.228,0.17,1646.42987600411
"323","muB",7,657567126.836428,0.228,0.17,1615.33067273988
"324","muB",7.1,657276073.774703,0.228,0.17,1585.01101259389
"325","muB",7.2,656976488.739676,0.228,0.17,1555.44720501916
"326","muB",7.3,656670654.029987,0.229,0.171,1626.01813983997
"327","muB",7.4,656386721.646904,0.229,0.171,1595.5067188916
"328","muB",7.5,656094309.884948,0.229,0.171,1565.75544598186
"329","muB",7.6,655793409.087585,0.229,0.171,1536.74135456301
"330","muB",7.7,655487967.186938,0.23,0.171,1605.48632728409
"331","muB",7.8,655202526.577475,0.23,0.172,1575.56143462005
"332","muB",7.9,654908648.804823,0.23,0.172,1546.37746240536
"333","muB",8,654606325.134268,0.23,0.172,1517.91216464607
"334","muB",8.1,654301614.501623,0.231,0.172,1584.86102603173
"335","muB",8.2,654014562.094916,0.231,0.172,1555.52066396206
"336","muB",8.3,653719114.924505,0.231,0.173,1526.90219144678
"337","muB",8.4,653415264.912176,0.231,0.173,1498.9840598431
"338","muB",8.5,653111609.392441,0.232,0.173,1564.16764543797
"339","muB",8.6,652822845.11448,0.232,0.173,1535.40910897539
"340","muB",8.7,652525728.812787,0.232,0.173,1507.35365585887
"341","muB",8.8,652220252.908446,0.232,0.174,1479.98041492215
"342","muB",8.9,651917961.890393,0.233,0.174,1543.430398606
"343","muB",9,651627389.570791,0.233,0.174,1515.2503424313
"344","muB",9.1,651328508.024455,0.233,0.174,1487.75479337388
"345","muB",9.2,651021310.318953,0.233,0.174,1460.92355181019
"346","muB",9.3,650720679.39863,0.234,0.175,1522.67232577639
"347","muB",9.4,650428206.447264,0.234,0.175,1495.06679651967
"348","muB",9.5,650127467.145363,0.234,0.175,1468.12744233047
"349","muB",9.6,649818455.384468,0.234,0.175,1441.83473736022
"350","muB",9.7,649519766.945013,0.235,0.175,1501.91529768653
"351","muB",9.8,649225304.328114,0.235,0.176,1474.87977874648
"352","muB",9.9,648922618.355082,0.235,0.176,1448.49237956452
"353","muB",10,648611703.776891,0.235,0.176,1422.73421216303
"354","muB",10.1,648315227.398094,0.236,0.176,1481.18004533971
"355","muB",10.2,648018689.397047,0.236,0.176,1454.70949114717
"356","muB",10.3,647713971.38502,0.236,0.176,1428.86927850223
"357","muB",10.4,647401068.725752,0.236,0.177,1403.64115638046
"358","muB",10.5,647107061.701197,0.237,0.177,1460.4861340277
"359","muB",10.6,646808366.164917,0.237,0.177,1434.57502516011
"360","muB",10.7,646501534.057209,0.237,0.177,1409.27677421622
"361","muB",10.8,646188112.685727,0.238,0.177,1465.82295106787
"362","muB",10.9,645895269.191133,0.238,0.178,1439.8520275488
"363","muB",11,645594337.278631,0.238,0.178,1414.49440113692
"364","muB",11.1,645285312.52707,0.238,0.178,1389.73245638846
"365","muB",11.2,644975046.62554,0.239,0.178,1444.70142240697
"366","muB",11.3,644679847.931165,0.239,0.178,1419.29508946378
"367","muB",11.4,644376604.064569,0.239,0.179,1394.4845805628
"368","muB",11.5,644065311.313353,0.239,0.179,1370.25289158665
"369","muB",11.6,643758421.18939,0.24,0.179,1423.68042344607
"370","muB",11.7,643460794.764331,0.24,0.179,1398.8316124999
"371","muB",11.8,643155166.648473,0.24,0.179,1374.56149066992
"372","muB",11.9,642841533.84015,0.24,0.18,1350.85365086263
"373","muB",12,642538229.217933,0.241,0.18,1402.77553958002
"374","muB",12.1,642238105.657563,0.241,0.18,1378.4768434167
"375","muB",12.2,641930024.133996,0.241,0.18,1354.74004738491
"376","muB",12.3,641613982.466977,0.241,0.18,1331.54932950445
"377","muB",12.4,641314462.748317,0.242,0.181,1382.00129945174
"378","muB",12.5,641011775.909228,0.242,0.181,1358.24501503091
"379","muB",12.6,640701175.066776,0.242,0.181,1335.03419047264
"380","muB",12.7,640384558.843431,0.243,0.181,1385.13764083983
"381","muB",12.8,640087113.485733,0.243,0.182,1361.37121549248
"382","muB",12.9,639781800.218268,0.243,0.182,1338.1493711545
"383","muB",13,639468617.163167,0.243,0.182,1315.45690269592
"384","muB",13.1,639156348.604924,0.244,0.182,1364.1217386876
"385","muB",13.2,638856172.90424,0.244,0.182,1340.89782095079
"386","muB",13.3,638548173.022171,0.244,0.183,1318.20220289657
"387","muB",13.4,638232347.917738,0.244,0.183,1296.02024288104
"388","muB",13.5,637924595.71529,0.245,0.183,1343.28288529374
"389","muB",13.6,637621632.170612,0.245,0.183,1320.59268250176
"390","muB",13.7,637310888.611513,0.245,0.183,1298.41488321393
"391","muB",13.8,636992364.63044,0.245,0.184,1276.73538085786
"392","muB",13.9,636689288.714362,0.246,0.184,1322.63191702748
"393","muB",14,636383482.942196,0.246,0.184,1300.46646717281
"394","muB",14.1,636069941.418437,0.246,0.184,1278.7978946705
"395","muB",14.2,635751425.034916,0.247,0.184,1324.32381633702
"396","muB",14.3,635450416.261196,0.247,0.185,1302.17875295326
"397","muB",14.4,635141716.503868,0.247,0.185,1280.52893804491
"398","muB",14.5,634825325.673877,0.247,0.185,1259.36086312686
"399","muB",14.6,634511963.292016,0.248,0.185,1303.55583958791
"400","muB",14.7,634207967.461552,0.248,0.185,1281.93244665809
"401","muB",14.8,633896324.876645,0.248,0.186,1260.78903111877
"402","muB",14.9,633577036.176123,0.248,0.186,1240.11259378083
"403","muB",15,633268961.182349,0.249,0.186,1283.01265454862
"404","muB",15.1,632961931.951149,0.249,0.186,1261.9012086272
"405","muB",15.2,632647300.480633,0.249,0.186,1241.25486165397
"406","muB",15.3,632325068.140149,0.249,0.187,1221.06110795947
"407","muB",15.4,632022406.353961,0.25,0.187,1262.70174749881
"408","muB",15.5,631712300.026515,0.25,0.187,1242.09245206502
"409","muB",15.6,631394636.297406,0.25,0.187,1221.93376971066
"410","muB",15.7,631077997.409849,0.251,0.188,1263.1952518357
"411","muB",15.8,630772287.116397,0.251,0.188,1242.62981384398
"412","muB",15.9,630459062.657429,0.251,0.188,1222.51282708437
"413","muB",16,630138325.953655,0.251,0.188,1202.83235507803
"414","muB",16.1,629827504.39053,0.252,0.188,1242.87162987091
"415","muB",16.2,629518592.794722,0.252,0.189,1222.80280706225
"416","muB",16.3,629202211.852854,0.252,0.189,1203.16826174055
"417","muB",16.4,628878364.066743,0.252,0.189,1183.95651601364
"418","muB",16.5,628573462.638895,0.253,0.189,1222.80844252998
"419","muB",16.6,628261313.640052,0.253,0.189,1203.2259669358
"420","muB",16.7,627941740.369271,0.253,0.19,1184.06398940313
"421","muB",16.8,627623899.280031,0.254,0.19,1222.5346705572
"422","muB",16.9,627315860.998841,0.254,0.19,1203.01024255346
"423","muB",17,627000440.948926,0.254,0.19,1183.90386168343
"424","muB",17.1,626677641.994568,0.254,0.19,1165.20458937969
"425","muB",17.2,626366075.050226,0.255,0.191,1202.5260443912
"426","muB",17.3,626054689.531555,0.255,0.191,1183.4809275632
"427","muB",17.4,625735967.274145,0.255,0.191,1164.8404244283
"428","muB",17.5,625412168.409725,0.256,0.191,1201.77849143618
"429","muB",17.6,625104701.389437,0.256,0.192,1182.80014403677
"430","muB",17.7,624789939.610947,0.256,0.192,1164.22377868187
"431","muB",17.8,624467886.32171,0.256,0.192,1146.03898470659
"432","muB",17.9,624150683.620001,0.257,0.192,1181.86661632662
"433","muB",18,623839768.647287,0.257,0.192,1163.35959685059
"434","muB",18.1,623521603.776304,0.257,0.193,1145.24148479545
"435","muB",18.2,623196193.037004,0.257,0.193,1127.50229781651
"436","muB",18.3,622885656.085021,0.258,0.193,1162.25294859946
"437","muB",18.4,622571268.367892,0.258,0.193,1144.20645629952
"438","muB",18.5,622249676.102844,0.258,0.193,1126.53620862449
"439","muB",18.6,621927796.106436,0.259,0.194,1160.90904587665
"440","muB",18.7,621617076.782837,0.259,0.194,1142.9389352509
"441","muB",18.8,621299193.956463,0.259,0.194,1125.34227899025
"442","muB",18.9,620974152.074475,0.259,0.194,1108.10958190981
"443","muB",19,620659218.096894,0.26,0.195,1141.4440579365
"444","muB",19.1,620344938.183081,0.26,0.195,1123.92549282335
"445","muB",19.2,620023539.975891,0.26,0.195,1106.76809589644
"446","muB",19.3,619697874.491669,0.261,0.195,1139.72706500912
"447","muB",19.4,619387093.241525,0.261,0.195,1122.29093186332
"448","muB",19.5,619069234.373904,0.261,0.196,1105.21307850352
"449","muB",19.6,618744302.731072,0.261,0.196,1088.48449295629
"450","muB",19.7,618425836.776226,0.262,0.196,1120.44375530299
"451","muB",19.8,618111415.146371,0.262,0.196,1103.44953468281
"452","muB",19.9,617789961.091973,0.262,0.197,1086.80170516958
"453","muB",20,617461480.116136,0.262,0.197,1070.49162081086
"454","muB",20.1,617150255.543607,0.263,0.197,1101.48255246527
"455","muB",20.2,616832179.090966,0.263,0.197,1084.91932831669
"456","muB",20.3,616507115.707805,0.263,0.197,1068.69098868542
"457","muB",20.4,616185922.511936,0.264,0.198,1099.31727055535
"458","muB",20.5,615871125.81657,0.264,0.198,1082.84235087035
"459","muB",20.6,615549382.118008,0.264,0.198,1066.69937741506
"460","muB",20.7,615220697.299528,0.264,0.198,1050.88015504203
"461","muB",20.8,614906964.1465,0.265,0.199,1080.57581511066
"462","muB",20.9,614588444.331096,0.265,0.199,1064.52168406558
"463","muB",21,614263022.991038,0.265,0.199,1048.7883934624
"464","muB",21.1,613939850.907909,0.266,0.199,1078.12480263727
"465","muB",21.2,613624461.347361,0.266,0.199,1062.16284923613
"466","muB",21.3,613302209.658986,0.266,0.2,1046.5187541182
"467","muB",21.4,612973102.222273,0.266,0.2,1031.18476073713
"468","muB",21.5,612657586.324725,0.267,0.2,1059.62783978396
"469","muB",21.6,612338412.599951,0.267,0.2,1044.07606653509
"470","muB",21.7,612012422.196798,0.267,0.201,1028.83145178149
"471","muB",21.8,611687967.069148,0.268,0.201,1056.92165719107
"472","muB",21.9,611371781.605969,0.268,0.201,1041.46519260197
"473","muB",22,611048818.431551,0.268,0.201,1026.3128855323
"474","muB",22.1,610719084.339847,0.268,0.201,1011.45739621165
"475","muB",22.2,610402460.346807,0.269,0.202,1038.6909900414
"476","muB",22.3,610082436.540672,0.269,0.202,1023.63378604284
"477","muB",22.4,609755680.480878,0.269,0.202,1008.87044481365
"478","muB",22.5,609430588.003642,0.27,0.202,1035.75834490394
"479","muB",22.6,609113417.676695,0.27,0.203,1020.79890734073
"480","muB",22.7,608789553.360585,0.27,0.203,1006.13032150987
"481","muB",22.8,608459002.765062,0.27,0.203,991.745662084508
"482","muB",22.9,608141897.404031,0.271,0.203,1017.81299227528
"483","muB",23,607820841.165104,0.271,0.204,1003.24166097431
"484","muB",23.1,607493136.823581,0.271,0.204,988.951300692809
"485","muB",23.2,607168007.341346,0.272,0.204,1014.68080174203
"486","muB",23.3,606849676.62783,0.272,0.204,1000.20907800591
"487","muB",23.4,606524735.684194,0.272,0.204,986.015330004964
"488","muB",23.5,606193192.162219,0.272,0.205,972.093003820841
"489","muB",23.6,605876187.36589,0.273,0.205,997.037175727959
"490","muB",23.7,605553929.400103,0.273,0.205,982.942240905692
"491","muB",23.8,605225106.687268,0.273,0.205,969.115795138296
"492","muB",23.9,604900496.998645,0.274,0.206,993.730549486201
"493","muB",24,604580843.266285,0.274,0.206,979.736508401611
"494","muB",24.1,604254662.350133,0.274,0.206,966.007987554155
"495","muB",24.2,603922724.569643,0.275,0.206,990.293771004077
"496","muB",24.3,603605598.037931,0.275,0.206,976.402585719487
"497","muB",24.4,603281981.835998,0.275,0.207,962.773924345269
"498","muB",24.5,602951883.787019,0.275,0.207,949.401690046332
"499","muB",24.6,602628310.256035,0.276,0.207,972.944903064486
"500","muB",24.7,602307183.129743,0.276,0.207,959.417915586593
"501","muB",24.8,601979611.396451,0.276,0.208,946.144426189344
"502","muB",24.9,601649092.097037,0.277,0.208,969.367853651561
"503","muB",25,601330380.352579,0.277,0.208,955.944251255747
"504",NA,NA,NA,NA,NA,NA
"505","muE",0,618774484.977895,0.262,0.197,1074.80895777519
"506","muE",0.1,605778759.855219,0.263,0.197,1078.24305196144
"507","muE",0.2,592994185.907911,0.264,0.197,1081.15773406497
"508","muE",0.3,580455347.174588,0.264,0.198,1038.97220943299
"509","muE",0.4,568123273.701586,0.265,0.198,1041.34809992594
"510","muE",0.5,556026182.580547,0.265,0.198,1001.5755547789
"511","muE",0.6,544134368.339052,0.266,0.198,1003.48722051471
"512","muE",0.7,532468837.79322,0.266,0.199,965.989200352022
"513","muE",0.8,521005329.76592,0.267,0.199,967.503630258077
"514","muE",0.9,509761299.268164,0.267,0.199,932.148684079357
"515","muE",1,498714416.287412,0.268,0.2,933.325965838326
"516","muE",1.1,487881933.397487,0.268,0.2,899.989507405855
"517","muE",1.2,477240250.762201,0.269,0.2,900.883464419066
"518","muE",1.3,466809455.070714,0.269,0.2,869.44759514907
"519","muE",1.4,456563741.533818,0.269,0.201,839.718442573167
"520","muE",1.5,446522898.767253,0.27,0.201,840.459687191188
"521","muE",1.6,436665470.864864,0.27,0.201,812.402538263294
"522","muE",1.7,427001593.179416,0.271,0.201,812.963667942743
"523","muE",1.8,417522664.474054,0.271,0.202,786.481732882028
"524","muE",1.9,408225138.562638,0.272,0.202,786.898834133578
"525","muE",2,399114980.148898,0.272,0.202,761.900806050737
"526","muE",2.1,390177732.109201,0.272,0.203,738.195340744456
"527","muE",2.2,381422321.938041,0.273,0.203,738.605958208891
"528","muE",2.3,372840239.802294,0.273,0.203,716.211582256856
"529","muE",2.4,364425860.682225,0.273,0.203,694.948795935334
"530","muE",2.5,356188218.127273,0.274,0.204,695.386894969472
"531","muE",2.6,348115236.219271,0.274,0.204,675.285706833694
"532","muE",2.7,340204435.755725,0.274,0.204,656.178043840876
"533","muE",2.8,332460795.904048,0.275,0.204,656.670504033813
"534","muE",2.9,324877492.216752,0.275,0.205,638.594902523183
"535","muE",3,317450572.225633,0.275,0.205,621.394126873529
"536","muE",3.1,310178379.82265,0.275,0.205,605.017685688377
"537","muE",3.2,303064319.466465,0.276,0.205,605.681171672745
"538","muE",3.3,296101259.292525,0.276,0.206,590.172568650854
"539","muE",3.4,289286778.063447,0.276,0.206,575.393082627852
"540","muE",3.5,282619048.700989,0.276,0.206,561.302231292895
"541","muE",3.6,276096194.796571,0.276,0.206,547.862247067693
"542","muE",3.7,269716356.431705,0.277,0.207,548.788650832372
"543","muE",3.8,263479525.152489,0.277,0.207,536.04472575019
"544","muE",3.9,257381089.373561,0.277,0.207,523.879958553916
"545","muE",4,251419057.114046,0.277,0.207,512.263820042419
"546","muE",4.1,245591403.276311,0.277,0.208,501.167750672445
"547","muE",4.2,239896073.145205,0.277,0.208,490.565016094948
"548","muE",4.3,234330985.886567,0.277,0.208,480.430575074777
"549","muE",4.4,228894038.002912,0.277,0.208,470.74095829309
"550","muE",4.5,223583106.707034,0.277,0.208,461.474156751188
"551","muE",4.6,218396053.204163,0.277,0.209,452.609518944603
"552","muE",4.7,213331362.76869,0.276,0.209,434.353976100874
"553","muE",4.8,208387601.612437,0.276,0.209,426.53042091066
"554","muE",4.9,203561456.935232,0.276,0.209,419.03964833759
"555","muE",5,198850729.815048,0.276,0.209,411.866392758747
"556","muE",5.1,194253221.97822,0.276,0.21,404.996285393783
"557","muE",5.2,189766861.91997,0.275,0.21,390.149160042414
"558","muE",5.3,185392522.789733,0.275,0.21,384.066516764901
"559","muE",5.4,181124920.542441,0.275,0.21,378.238118701044
"560","muE",5.5,176961865.423283,0.275,0.21,372.653197137838
"561","muE",5.6,172904156.121249,0.274,0.211,360.004950125201
"562","muE",5.7,168947623.396962,0.274,0.211,355.053301960787
"563","muE",5.8,165089886.108134,0.273,0.211,343.48980298201
"564","muE",5.9,161331663.991757,0.273,0.211,339.098162592491
"565","muE",6,157667222.361815,0.273,0.211,334.889894936963
"566","muE",6.1,154098849.603334,0.272,0.211,324.602966416036
"567","muE",6.2,150620199.259614,0.271,0.211,314.859983683415
"568","muE",6.3,147233774.16782,0.271,0.212,311.407782396837
"569","muE",6.4,143933786.502003,0.27,0.212,302.430636518263
"570","muE",6.5,140720913.795137,0.27,0.212,299.373737371332
"571","muE",6.6,137592175.926828,0.269,0.212,291.08245878686
"572","muE",6.7,134544952.171357,0.268,0.212,283.199903188025
"573","muE",6.8,131579829.873481,0.268,0.212,280.704456479252
"574","muE",6.9,128692933.186653,0.267,0.212,273.397510340179
"575","muE",7,125882472.861873,0.266,0.212,266.435909160667
"576","muE",7.1,123147421.447606,0.266,0.212,264.411465801036
"577","muE",7.2,120486385.555177,0.265,0.213,257.936014662372
"578","muE",7.3,117896675.46078,0.264,0.213,251.754153657094
"579","muE",7.4,115376668.960682,0.263,0.213,245.848310032516
"580","muE",7.5,112924742.79334,0.262,0.213,240.202161523255
"581","muE",7.6,110539276.344693,0.261,0.213,234.800531503729
"582","muE",7.7,108218899.03878,0.261,0.213,233.559558683598
"583","muE",7.8,105961979.375535,0.26,0.213,228.501118216379
"584","muE",7.9,103766576.806407,0.259,0.213,223.652973689474
"585","muE",8,101631127.913337,0.258,0.213,219.003345810141
"586","muE",8.1,99554086.1108441,0.257,0.213,214.541236716101
"587","muE",8.2,97533923.7367145,0.256,0.213,210.256368955889
"588","muE",8.3,95569134.0051198,0.255,0.213,206.139130512336
"589","muE",8.4,93658232.6929433,0.254,0.213,202.180524401331
"590","muE",8.5,91799759.6748024,0.253,0.213,198.372122997137
"591","muE",8.6,89992280.0907938,0.252,0.213,194.706025329524
"592","muE",8.7,88234385.4137088,0.251,0.213,191.174818439646
"593","muE",8.8,86524771.844703,0.249,0.213,184.74537460536
"594","muE",8.9,84862341.4520428,0.248,0.213,181.524322910341
"595","muE",9,83245468.8651513,0.247,0.213,178.415802696527
"596","muE",9.1,81672853.3221072,0.246,0.213,175.414179899393
"597","muE",9.2,80143223.9034303,0.245,0.213,172.514148600632
"598","muE",9.3,78655339.7223313,0.244,0.212,169.710708607347
"599","muE",9.4,77207990.01741,0.243,0.212,166.999144805679
"600","muE",9.5,75799994.1157197,0.242,0.212,164.375007929278
"601","muE",9.6,74430507.4132848,0.24,0.212,159.263602515089
"602","muE",9.7,73098413.986523,0.239,0.212,156.844106429616
"603","muE",9.8,71802310.1034147,0.238,0.212,154.498413447592
"604","muE",9.9,70541131.5841421,0.237,0.212,152.22306280847
"605","muE",10,69313843.4721026,0.236,0.212,150.014778626961
"606","muE",10.1,68119439.6109301,0.235,0.212,147.87045822214
"607","muE",10.2,66957595.4320001,0.233,0.211,143.478688529888
"608","muE",10.3,65826695.2100893,0.232,0.211,141.486283401785
"609","muE",10.4,64725815.0768044,0.231,0.211,139.548252466449
"610","muE",10.5,63654058.3659937,0.23,0.211,137.662146524281
"611","muE",10.6,62610600.5855477,0.228,0.211,133.671322146342
"612","muE",10.7,61595140.1253138,0.227,0.21,131.909923171923
"613","muE",10.8,60606250.5475757,0.226,0.21,130.192839076166
"614","muE",10.9,59643137.0575026,0.225,0.21,128.518119766901
"615","muE",11,58705029.0489239,0.224,0.21,126.883909808426
"616","muE",11.1,57791348.5707166,0.222,0.21,123.291782031053
"617","muE",11.2,56901615.9337915,0.221,0.209,121.756353750735
"618","muE",11.3,56034694.1850077,0.22,0.209,120.255640612123
"619","muE",11.4,55189903.3683054,0.219,0.209,118.788151815491
"620","muE",11.5,54366584.7256533,0.218,0.209,117.352466143802
"621","muE",11.6,53564301.4126169,0.216,0.208,114.084883478835
"622","muE",11.7,52782546.2730879,0.215,0.208,112.728142763239
"623","muE",11.8,52020385.659048,0.214,0.208,111.398752443997
"624","muE",11.9,51277239.9429976,0.213,0.208,110.09556236267
"625","muE",12,50552547.8077985,0.212,0.207,108.81747442606
"626","muE",12.1,49845808.8377106,0.21,0.207,105.817418443703
"627","muE",12.2,49156847.2040278,0.209,0.207,104.602984669702
"628","muE",12.3,48484737.2626283,0.208,0.206,103.41020782567
"629","muE",12.4,47828985.851723,0.207,0.206,102.238194640582
"630","muE",12.5,47189115.4588217,0.206,0.206,101.086091428489
"631","muE",12.6,46564663.7216981,0.205,0.206,99.9530822021925
"632","muE",12.7,45955182.9439328,0.204,0.205,98.8383869371627
"633","muE",12.8,45360573.6048206,0.202,0.205,96.1261202033795
"634","muE",12.9,44780063.6938178,0.201,0.205,95.0595978494041
"635","muE",13,44213244.5319691,0.2,0.204,94.0089463884575
"636","muE",13.1,43659722.893,0.199,0.204,92.9735290471526
"637","muE",13.2,43119117.9784326,0.198,0.204,91.9527370076494
"638","muE",13.3,42591060.9983884,0.197,0.203,90.9459881344213
"639","muE",13.4,42075194.7788189,0.196,0.203,89.9527258753062
"640","muE",13.5,41571173.3693196,0.195,0.202,88.9724181306781
"641","muE",13.6,41078828.0261134,0.193,0.202,86.5139731509746
"642","muE",13.7,40597685.544895,0.192,0.202,85.5696838031892
"643","muE",13.8,40127395.7407808,0.191,0.201,84.6366950563141
"644","muE",13.9,39667654.3239715,0.19,0.201,83.7145734665655
"645","muE",14,39218166.4617734,0.189,0.201,82.8029049906914
"646","muE",14.1,38778646.4628815,0.188,0.2,81.901294243634
"647","muE",14.2,38348817.4636788,0.187,0.2,81.0093637202167
"648","muE",14.3,37928411.13231,0.186,0.199,80.1267531185666
"649","muE",14.4,37517167.3828675,0.185,0.199,79.2531187001673
"650","muE",14.5,37114834.0907038,0.184,0.199,78.3881326075195
"651","muE",14.6,36721166.8266871,0.183,0.198,77.5314822937451
"652","muE",14.7,36335928.594497,0.182,0.198,76.6828699290691
"653","muE",14.8,35958889.5826601,0.181,0.197,75.8420118856243
"654","muE",14.9,35589826.9152183,0.18,0.197,75.0086381597178
"655","muE",15,35228524.4207869,0.179,0.196,74.1824919052591
"656","muE",15.1,34874772.4042785,0.178,0.196,73.3633289436877
"657","muE",15.2,34528367.427575,0.177,0.196,72.5509173041075
"658","muE",15.3,34189112.0976941,0.176,0.195,71.7450367826857
"659","muE",15.4,33856814.8619909,0.175,0.195,70.9454785189291
"660","muE",15.5,33531289.8108128,0.174,0.194,70.1520445915236
"661","muE",15.6,33212356.4864996,0.173,0.194,69.3645476277681
"662","muE",15.7,32899839.6992077,0.172,0.193,68.5828104296667
"663","muE",15.8,32593569.3488089,0.171,0.193,67.8066656127602
"664","muE",15.9,32293380.2533555,0.17,0.193,67.0359552610352
"665","muE",16,31999111.9831439,0.169,0.192,66.2705305927257
"666","muE",16.1,31710608.7000928,0.168,0.192,65.5102516354705
"667","muE",16.2,31427753.8565634,0.168,0.191,65.9849854457303
"668","muE",16.3,31150514.8417465,0.167,0.191,65.2255468629103
"669","muE",16.4,30878610.5619102,0.166,0.19,64.4709101850214
"670","muE",16.5,30611901.9200734,0.165,0.19,63.7209644195193
"671","muE",16.6,30350253.6973284,0.164,0.189,62.9756061058629
"672","muE",16.7,30093534.4228532,0.163,0.189,62.2347390479778
"673","muE",16.8,29841616.248384,0.162,0.188,61.4982740549967
"674","muE",16.9,29594374.8269868,0.161,0.188,60.7661286898347
"675","muE",17,29351751.8146159,0.161,0.188,61.2160778195138
"676","muE",17.1,29113779.1527822,0.16,0.187,60.4833519953527
"677","muE",17.2,28880140.110283,0.159,0.187,59.7547407920328
"678","muE",17.3,28650723.1447876,0.158,0.186,59.0301843393772
"679","muE",17.4,28425419.6749525,0.157,0.186,58.3096285096898
"680","muE",17.5,28204123.9817001,0.156,0.185,57.593024700808
"681","muE",17.6,27986881.8715116,0.156,0.185,58.0239531683045
"682","muE",17.7,27773632.0323331,0.155,0.184,57.3060620681058
"683","muE",17.8,27564098.4816459,0.154,0.184,56.5920011411051
"684","muE",17.9,27358185.9998059,0.153,0.183,55.881740504922
"685","muE",18,27155801.789556,0.152,0.183,55.175254925234
"686","muE",18.1,26957097.2892721,0.152,0.182,55.5904524323456
"687","muE",18.2,26761884.7050854,0.151,0.182,54.882275025982
"688","muE",18.3,26569944.8112162,0.15,0.182,54.1778092676781
"689","muE",18.4,26381193.7227747,0.149,0.181,53.4770458774101
"690","muE",18.5,26195721.8868901,0.149,0.181,53.8808494862776
"691","muE",18.6,26013525.0569189,0.148,0.18,53.1781611802377
"692","muE",18.7,25834286.2508883,0.147,0.18,52.4791523020017
"693","muE",18.8,25657929.4097608,0.146,0.179,51.7838275706676
"694","muE",18.9,25484644.0116722,0.146,0.179,52.1754807653202
"695","muE",19,25314284.3812994,0.145,0.178,51.4780831983707
"696","muE",19.1,25146597.7814218,0.144,0.178,50.7843830328636
"697","muE",19.2,24981542.1860354,0.144,0.177,51.1691059943934
"698","muE",19.3,24819474.1681987,0.143,0.177,50.4732425055114
"699","muE",19.4,24659884.8903063,0.142,0.176,49.7811138022961
"700","muE",19.5,24502709.7829812,0.141,0.176,49.0927447923092
"701","muE",19.6,24348264.709407,0.141,0.175,49.4641892231378
"702","muE",19.7,24196240.1162,0.14,0.175,48.7736389192962
"703","muE",19.8,24046452.946108,0.139,0.175,48.0869151699169
"704","muE",19.9,23899177.6127271,0.139,0.174,48.450629154257
"705","muE",20,23754221.8680231,0.138,0.174,47.7617203380046
"706","muE",20.1,23611338.5873523,0.137,0.173,47.076724603555
"707","muE",20.2,23470837.4293386,0.137,0.173,47.4324068990075
"708","muE",20.3,23332488.3343687,0.136,0.172,46.7452550139298
"709","muE",20.4,23196057.4965598,0.135,0.172,46.0621206606309
"710","muE",20.5,23061962.9575996,0.135,0.171,46.4094980365957
"711","muE",20.6,22929789.0727446,0.134,0.171,45.7242671602569
"712","muE",20.7,22799446.8012506,0.134,0.17,46.0693225042446
"713","muE",20.8,22671359.3302914,0.133,0.17,45.3820014461796
"714","muE",20.9,22544957.3538931,0.132,0.169,44.6989006279651
"715","muE",21,22420474.0414293,0.132,0.169,45.0352169995435
"716","muE",21.1,22297910.8078003,0.131,0.169,44.3501317258798
"717","muE",21.2,22176903.1866538,0.13,0.168,43.6694113729627
"718","muE",21.3,22057974.8777106,0.13,0.168,43.9967849507559
"719","muE",21.4,21940574.2077312,0.129,0.167,43.3142116788875
"720","muE",21.5,21824886.8459734,0.129,0.167,43.6387905528116
"721","muE",21.6,21710950.4369776,0.128,0.166,42.9544140382006
"722","muE",21.7,21598395.2011621,0.128,0.166,43.2760916553471
"723","muE",21.8,21487786.3365936,0.127,0.165,42.5899709831666
"724","muE",21.9,21378464.8084293,0.126,0.165,41.9085887672621
"725","muE",22,21270846.6900754,0.126,0.165,42.2208474574133
"726","muE",22.1,21164652.9362624,0.125,0.164,41.5379055904599
"727","muE",22.2,21059906.0787528,0.125,0.164,41.847020605792
"728","muE",22.3,20956717.0852197,0.124,0.163,41.1626010815557
"729","muE",22.4,20854748.3871209,0.124,0.163,41.4684795553827
"730","muE",22.5,20754446.0816779,0.123,0.162,40.7826727303572
"731","muE",22.6,20655197.3087778,0.122,0.162,40.1020344111865
"732","muE",22.7,20557637.3327854,0.122,0.161,40.3981295196477
"733","muE",22.8,20461101.82593,0.121,0.161,39.7163332280823
"734","muE",22.9,20366096.3984292,0.121,0.161,40.0089916932833
"735","muE",23,20272167.4078344,0.12,0.16,39.3261475182391
"736","muE",23.1,20179636.5862348,0.12,0.16,39.615290518889
"737","muE",23.2,20088211.4593307,0.119,0.159,38.9315158154458
"738","muE",23.3,19998078.5687138,0.119,0.159,39.2170680386275
"739","muE",23.4,19909058.5401099,0.118,0.158,38.5324871505417
"740","muE",23.5,19821250.02,0.118,0.158,38.8143768230883
"741","muE",23.6,19734540.0133384,0.117,0.158,38.1291207908546
"742","muE",23.7,19648985.272604,0.117,0.157,38.4072797077354
"743","muE",23.8,19564493.7124415,0.116,0.157,37.7214859772778
"744","muE",23.9,19481124.9918261,0.116,0.156,37.9958495269211
"745","muE",24,19398763.6253977,0.115,0.156,37.3096616529834
"746","muE",24.1,19317515.86724,0.115,0.155,37.5801688393239
"747","muE",24.2,19237199.5954442,0.114,0.155,36.8937361846876
"748","muE",24.3,19158010.3201677,0.114,0.155,37.1603296457636
"749","muE",24.4,19079657.0372241,0.113,0.154,36.4738070758218
"750","muE",24.5,19002466.2262082,0.113,0.154,36.7364330987572
"751","muE",24.6,18925996.6675076,0.112,0.153,36.0499806754227
"752","muE",24.7,18850746.6519583,0.112,0.153,36.3085892077249
"753","muE",24.8,18776102.8778231,0.112,0.153,36.569659372321
"754","muE",24.9,18702719.6048779,0.111,0.152,35.8769165317166
"755","muE",25,18629939.0299228,0.111,0.152,36.1338647087983
"756",NA,NA,NA,NA,NA,NA
"757","muI",0,10000119.5074207,0.455,NA,1.11619167219815
"758","muI",0.1,664749708.157828,6.648,4.747,1678.72014114948
"759","muI",0.2,678270874.620045,3.392,2.431,1701.14213694387
"760","muI",0.3,680831253.451049,2.308,1.658,1691.34301400159
"761","muI",0.4,680671336.693084,1.766,1.271,1680.75171142871
"762","muI",0.5,679469428.242054,1.439,1.038,1652.01887229569
"763","muI",0.6,677786999.849041,1.221,0.882,1632.42684578042
"764","muI",0.7,675863389.361688,1.065,0.77,1616.46962720105
"765","muI",0.8,673817179.872955,0.947,0.686,1588.5434041968
"766","muI",0.9,671711487.832316,0.855,0.62,1564.11620161072
"767","muI",1,669582961.299776,0.781,0.568,1537.80719925746
"768","muI",1.1,667453299.152432,0.721,0.524,1532.62729632911
"769","muI",1.2,665337913.192818,0.67,0.488,1505.87825790498
"770","muI",1.3,663242395.749335,0.627,0.457,1489.80863246926
"771","muI",1.4,661173101.075969,0.589,0.431,1444.90079117064
"772","muI",1.5,659136028.38341,0.557,0.407,1435.30807432782
"773","muI",1.6,657127932.974953,0.529,0.387,1429.98223198245
"774","muI",1.7,655151031.200281,0.504,0.369,1418.51502453574
"775","muI",1.8,653211421.255884,0.481,0.353,1383.73405119569
"776","muI",1.9,651300866.722476,0.461,0.339,1374.22411917003
"777","muI",2,649420239.980802,0.442,0.325,1331.48112363361
"778","muI",2.1,647577379.590076,0.426,0.314,1337.46145862033
"779","muI",2.2,645760823.842596,0.411,0.303,1328.24394479637
"780","muI",2.3,643976314.965445,0.397,0.293,1309.64073076947
"781","muI",2.4,642221231.838023,0.384,0.284,1287.23177907399
"782","muI",2.5,640493413.939935,0.372,0.275,1266.09135126659
"783","muI",2.6,638793441.603386,0.361,0.267,1250.76054467667
"784","muI",2.7,637121064.371153,0.351,0.26,1245.41485424214
"785","muI",2.8,635469168.546931,0.341,0.253,1211.69435261446
"786","muI",2.9,633846926.818699,0.333,0.247,1236.99829235062
"787","muI",3,632253827.61847,0.324,0.241,1195.65609034188
"788","muI",3.1,630677253.316936,0.316,0.235,1175.95329929305
"789","muI",3.2,629130618.25418,0.309,0.23,1180.30014614384
"790","muI",3.3,627602076.184033,0.302,0.225,1166.58741489407
"791","muI",3.4,626087751.921269,0.295,0.22,1135.92400565797
"792","muI",3.5,624607083.940779,0.289,0.216,1134.64284430999
"793","muI",3.6,623139115.831966,0.283,0.212,1119.10010117899
"794","muI",3.7,621695008.324261,0.278,0.208,1136.52306246467
"795","muI",3.8,620263848.663372,0.272,0.204,1094.73276163791
"796","muI",3.9,618857684.060802,0.267,0.2,1087.98954152384
"797","muI",4,617461480.116136,0.262,0.197,1070.49162081086
"798","muI",4.1,616098890.962452,0.258,0.193,1090.36708107226
"799","muI",4.2,614734187.842027,0.253,0.19,1052.9549212463
"800","muI",4.3,613402445.096923,0.249,0.187,1054.54222259763
"801","muI",4.4,612080552.529867,0.245,0.184,1047.92532516273
"802","muI",4.5,610770570.142366,0.241,0.182,1033.43502545428
"803","muI",4.6,609473097.473302,0.238,0.179,1061.10915800677
"804","muI",4.7,608206278.775947,0.234,0.176,1031.71483182747
"805","muI",4.8,606931616.267673,0.231,0.174,1046.15620479989
"806","muI",4.9,605693009.455012,0.227,0.172,1003.50481059729
"807","muI",5,604461304.882281,0.224,0.169,1005.37155595575
"808","muI",5.1,603240164.057548,0.221,0.167,1001.72066232559
"809","muI",5.2,602032549.8594,0.218,0.165,992.716183998781
"810","muI",5.3,600837115.526153,0.215,0.163,978.612921582272
"811","muI",5.4,599648386.955023,0.212,0.161,959.746029598941
"812","muI",5.5,598476087.869069,0.21,0.159,987.733758727215
"813","muI",5.6,597326750.677494,0.207,0.157,959.517654770106
"814","muI",5.7,596164475.019221,0.205,0.155,979.522140536337
"815","muI",5.8,595044521.374285,0.202,0.154,942.888273974929
"816","muI",5.9,593916144.93652,0.2,0.152,955.009495193591
"817","muI",6,592792232.338818,0.197,0.15,911.316821998783
"818","muI",6.1,591701589.045056,0.195,0.149,916.065641709275
"819","muI",6.2,590613571.755933,0.193,0.147,917.739150212654
"820","muI",6.3,589532442.124934,0.191,0.146,916.365798010737
"821","muI",6.4,588460670.922686,0.189,0.144,912.007070633894
"822","muI",6.5,587399030.026482,0.187,0.143,904.75554096804
"823","muI",6.6,586346666.823109,0.185,0.141,894.73236464831
"824","muI",6.7,585301163.137189,0.183,0.14,882.084351715195
"825","muI",6.8,584258579.38456,0.181,0.139,866.980715344288
"826","muI",6.9,583230136.353525,0.18,0.137,902.787839665257
"827","muI",7,582228771.275256,0.178,0.136,882.445401768254
"828","muI",7.1,581220911.389772,0.176,0.135,860.093277675701
"829","muI",7.2,580203549.223206,0.175,0.134,889.615137394362
"830","muI",7.3,579235146.071641,0.173,0.133,862.537121717322
"831","muI",7.4,578240082.250623,0.171,0.131,834.044603165265
"832","muI",7.5,577277625.212546,0.17,0.13,857.082912770175
"833","muI",7.6,576301570.941917,0.168,0.129,824.669105260739
"834","muI",7.7,575355569.431054,0.167,0.128,844.105592972157
"835","muI",7.8,574381725.164643,0.165,0.127,808.316834900785
"836","muI",7.9,573463152.244031,0.164,0.126,824.183944515197
"837","muI",8,572519561.374538,0.163,0.125,839.053929317065
"838","muI",8.1,571582299.309564,0.161,0.124,798.062808977832
"839","muI",8.2,570678508.78971,0.16,0.123,809.447771447542
"840","muI",8.3,569761612.176979,0.159,0.122,819.753771942258
"841","muI",8.4,568836182.811822,0.158,0.122,828.944969342775
"842","muI",8.5,567942399.417596,0.156,0.121,781.825982845746
"843","muI",8.6,567061363.195747,0.155,0.12,787.813119646725
"844","muI",8.7,566177605.134978,0.154,0.119,792.697276756751
"845","muI",8.8,565293861.188862,0.153,0.118,796.468335067205
"846","muI",8.9,564412462.146702,0.152,0.117,799.121544332328
"847","muI",9,563535350.37318,0.151,0.117,800.657427718403
"848","muI",9.1,562664101.611572,0.15,0.116,801.081726738558
"849","muI",9.2,561804587.383096,0.148,0.115,745.55067545181
"850","muI",9.3,560959395.939097,0.147,0.114,743.591341106867
"851","muI",9.4,560117442.36924,0.146,0.114,740.655040079898
"852","muI",9.5,559278925.059756,0.145,0.113,736.765926922818
"853","muI",9.6,558443733.859992,0.144,0.112,731.951879179826
"854","muI",9.7,557611457.967119,0.143,0.111,726.244212518084
"855","muI",9.8,556791509.039509,0.143,0.111,774.4207934887
"856","muI",9.9,555984464.6897,0.142,0.11,766.720989754309
"857","muI",10,555183127.559803,0.141,0.109,758.161183568435
"858","muI",10.1,554386058.407203,0.14,0.109,748.78623726947
"859","muI",10.2,553591554.987629,0.139,0.108,738.643140809332
"860","muI",10.3,552797655.440249,0.138,0.108,727.780645587926
"861","muI",10.4,552002140.650047,0.137,0.107,716.248900898053
"862","muI",10.5,551202537.047755,0.136,0.106,704.099097478345
"863","muI",10.6,550406630.853636,0.136,0.106,746.1911829917
"864","muI",10.7,549655163.27284,0.135,0.105,732.059341238545
"865","muI",10.8,548897204.136303,0.134,0.105,717.41134210961
"866","muI",10.9,548129417.982281,0.133,0.104,702.303860332992
"867","muI",11,547348221.941501,0.132,0.103,686.793052075578
"868","muI",11.1,546588388.308739,0.132,0.103,725.35723483489
"869","muI",11.2,545860506.670448,0.131,0.102,707.982779638599
"870","muI",11.3,545114113.544285,0.13,0.102,690.332167804604
"871","muI",11.4,544344799.901223,0.129,0.101,672.461802015407
"872","muI",11.5,543617364.895835,0.129,0.101,708.431344874546
"873","muI",11.6,542901645.062538,0.128,0.1,688.83067087093
"874","muI",11.7,542155937.480454,0.127,0.1,669.148780978231
"875","muI",11.8,541416851.340354,0.127,0.099,703.787808175847
"876","muI",11.9,540724082.964981,0.126,0.099,682.467714592993
"877","muI",12,539992924.327706,0.125,0.098,661.210690818238
"878","muI",12.1,539265822.179013,0.125,0.098,694.305791148366
"879","muI",12.2,538584926.021016,0.124,0.097,671.528750558219
"880","muI",12.3,537855928.373144,0.123,0.097,648.960227069403
"881","muI",12.4,537162008.564592,0.123,0.097,680.338752315347
"882","muI",12.5,536478705.965166,0.122,0.096,656.389268872884
"883","muI",12.6,535736291.850331,0.121,0.096,632.790477721955
"884","muI",12.7,535094675.327456,0.121,0.095,662.321493659409
"885","muI",12.8,534391589.706395,0.12,0.095,637.496089830347
"886","muI",12.9,533711231.297447,0.12,0.094,666.737319270166
"887","muI",13,533045107.083576,0.119,0.094,640.749957631134
"888","muI",13.1,532334495.716861,0.119,0.094,669.629082640681
"889","muI",13.2,531702364.826074,0.118,0.093,642.552286174357
"890","muI",13.3,530986956.081409,0.117,0.093,616.160431780756
"891","muI",13.4,530367728.336549,0.117,0.092,642.914194835711
"892","muI",13.5,529676273.580842,0.116,0.092,615.612381777271
"893","muI",13.6,529044483.061944,0.116,0.092,641.857314874601
"894","muI",13.7,528372514.225697,0.115,0.091,613.730254772555
"895","muI",13.8,527734898.81196,0.115,0.091,639.413211586564
"896","muI",13.9,527077416.141484,0.114,0.09,610.549994878233
"897","muI",14,526440285.430419,0.114,0.09,635.62269697686
"898","muI",14.1,525791772.695365,0.113,0.09,606.115871105311
"899","muI",14.2,525161051.443468,0.113,0.089,630.535170532175
"900","muI",14.3,524515480.944805,0.112,0.089,600.479741873538
"901","muI",14.4,523896731.041362,0.112,0.089,624.207601676158
"902","muI",14.5,523247579.918839,0.111,0.088,593.700167112724
"903","muI",14.6,522646037.403072,0.111,0.088,616.70379142362
"904","muI",14.7,521986287.05178,0.11,0.088,585.841570641955
"905","muI",14.8,521406886.752225,0.11,0.087,608.093372313912
"906","muI",14.9,520729028.679318,0.109,0.087,576.973318788918
"907","muI",15,520176428.027715,0.109,0.087,598.450839740752
"908","muI",15.1,519523857.795191,0.109,0.086,620.748702969838
"909","muI",15.2,518951065.451071,0.108,0.086,587.854620032381
"910","muI",15.3,518332372.054794,0.108,0.086,609.313937168429
"911","muI",15.4,517726478.187936,0.107,0.085,576.386067886104
"912","muI",15.5,517145676.51549,0.107,0.085,596.995212970429
"913","muI",15.6,516497638.9976,0.106,0.085,564.128570476468
"914","muI",15.7,515958532.046563,0.106,0.084,583.880717871251
"915","muI",15.8,515329322.442805,0.106,0.084,604.340361514941
"916","muI",15.9,514765029.47002,0.105,0.084,570.059570297643
"917","muI",16,514183278.68373,0.105,0.084,589.614505136036
"918","muI",16.1,513558576.150017,0.104,0.083,555.620741763116
"919","muI",16.2,513027605.386994,0.104,0.083,574.274560071569
"920","muI",16.3,512412760.025617,0.104,0.083,593.567620844828
"921","muI",16.4,511854893.237862,0.103,0.082,558.412791422587
"922","muI",16.5,511295826.178143,0.103,0.082,576.768210986412
"923","muI",16.6,510657087.678021,0.102,0.082,542.119481963001
"924","muI",16.7,510156717.183811,0.102,0.082,559.550523169643
"925","muI",16.8,509577898.655003,0.102,0.081,577.552422331967
"926","muI",16.9,508986594.444521,0.101,0.081,542.005631181014
"927","muI",17,508470841.896374,0.101,0.081,559.057754336224
"928","muI",17.1,507879954.696869,0.101,0.081,576.65556121259
"929","muI",17.2,507325880.883564,0.1,0.08,540.345147888687
"930","muI",17.3,506802077.062019,0.1,0.08,556.973377819095
"931","muI",17.4,506206206.156365,0.1,0.08,574.121405368843
"932","muI",17.5,505678474.706151,0.099,0.08,537.18598548723
"933","muI",17.6,505153392.008153,0.099,0.079,553.350242044264
"934","muI",17.7,504559082.645086,0.099,0.079,570.007930453965
"935","muI",17.8,504046131.788541,0.098,0.079,532.588536656933
"936","muI",17.9,503526035.815165,0.098,0.079,548.253779112913
"937","muI",18,502939346.163326,0.098,0.078,564.385845904522
"938","muI",18.1,502428949.327146,0.097,0.078,526.624290886429
"939","muI",18.2,501919647.127938,0.097,0.078,541.760605813999
"940","muI",18.3,501346195.206186,0.097,0.078,557.337113704681
"941","muI",18.4,500825456.848245,0.096,0.077,519.374245780726
"942","muI",18.5,500332339.622167,0.096,0.077,533.956846009374
"943","muI",18.6,499777345.216276,0.096,0.077,548.95318366643
"944","muI",18.7,499232702.293941,0.095,0.077,510.927410399374
"945","muI",18.8,498760782.801612,0.095,0.077,524.936558339788
"946","muI",18.9,498229104.084864,0.095,0.076,539.333348762491
"947","muI",19,497646322.275023,0.094,0.076,501.379192374282
"948","muI",19.1,497200267.530292,0.094,0.076,514.800070876919
"949","muI",19.2,496696432.271471,0.094,0.076,528.583016689066
"950","muI",19.3,496135950.661457,0.094,0.076,542.737705531288
"951","muI",19.4,495644762.324055,0.093,0.075,503.652335124842
"952","muI",19.5,495172995.6146,0.093,0.075,516.811999313317
"953","muI",19.6,494646360.491598,0.093,0.075,530.317551371294
"954","muI",19.7,494086962.27321,0.092,0.075,491.601308349355
"955","muI",19.8,493651208.668457,0.092,0.074,504.132851450316
"956","muI",19.9,493162264.736663,0.092,0.074,516.985341419112
"957","muI",20,492621132.88865,0.092,0.074,530.166951667674
"958","muI",20.1,492122279.996875,0.091,0.074,490.659410278942
"959","muI",20.2,491674612.468099,0.091,0.074,502.859211903761
"960","muI",20.3,491176267.719379,0.091,0.073,515.3632463831
"961","muI",20.4,490628186.077678,0.091,0.073,528.178992148347
"962","muI",20.5,490173196.999486,0.09,0.073,488.056645419707
"963","muI",20.6,489720914.282766,0.09,0.073,499.888638319049
"964","muI",20.7,489220265.000841,0.09,0.073,512.007838972516
"965","muI",20.8,488672130.33702,0.09,0.073,524.421082220837
"966","muI",20.9,488243525.724968,0.089,0.072,483.862473858348
"967","muI",21,487793304.074651,0.089,0.072,495.295578023841
"968","muI",21.1,487296838.669782,0.089,0.072,506.998674601332
"969","muI",21.2,486754956.323992,0.089,0.072,518.978025045836
"970","muI",21.3,486334461.503213,0.088,0.072,478.161250068739
"971","muI",21.4,485892411.053244,0.088,0.071,489.169309054049
"972","muI",21.5,485406073.727728,0.088,0.071,500.430192458532
"973","muI",21.6,484876222.619105,0.088,0.071,511.949592936995
"974","muI",21.7,484444759.757083,0.087,0.071,471.049928796653
"975","muI",21.8,484016487.059806,0.087,0.071,481.611787583603
"976","muI",21.9,483545733.939956,0.087,0.071,492.409482868667
"977","muI",22,483033221.760142,0.087,0.07,503.448165351582
"978","muI",22.1,482570898.86227,0.086,0.07,462.635876815319
"979","muI",22.2,482161555.319352,0.086,0.07,472.735268953791
"980","muI",22.3,481711403.006361,0.086,0.07,483.053817094261
"981","muI",22.4,481221113.805557,0.086,0.07,493.59616862729
"982","muI",22.5,480707213.625996,0.085,0.07,453.034538537987
"983","muI",22.6,480321537.910001,0.085,0.069,462.659901870526
"984","muI",22.7,479896605.541035,0.085,0.069,472.488174782073
"985","muI",22.8,479433040.856137,0.085,0.069,482.523531151241
"986","muI",22.9,478931473.142493,0.085,0.069,492.770223321862
"987","muI",23,478488365.660892,0.084,0.069,451.511387395103
"988","muI",23.1,478092908.579375,0.084,0.069,460.842807361241
"989","muI",23.2,477660221.687076,0.084,0.069,470.365179960282
"990","muI",23.3,477190887.100318,0.084,0.068,480.082283217792
"991","muI",23.4,476685492.39724,0.084,0.068,489.997979541447
"992","muI",23.5,476290016.395909,0.083,0.068,448.251015872788
"993","muI",23.6,475892040.113236,0.083,0.068,457.258772194964
"994","muI",23.7,475458682.977642,0.083,0.068,466.445336831762
"995","muI",23.8,474990489.197874,0.083,0.068,475.814155365582
"996","muI",23.9,474488006.867941,0.083,0.067,485.368733522841
"997","muI",24,474116111.12826,0.082,0.067,443.342343951549
"998","muI",24.1,473722190.108805,0.082,0.067,452.001478268843
"999","muI",24.2,473294581.133855,0.082,0.067,460.827301929082
"1000","muI",24.3,472833790.462255,0.082,0.067,469.822922216475
"1001","muI",24.4,472340327.892743,0.082,0.067,478.991498658883
"1002","muI",24.5,471967057.803242,0.081,0.067,436.89084331419
"1003","muI",24.6,471583159.016661,0.081,0.066,445.181260814265
"1004","muI",24.7,471167123.999654,0.081,0.066,453.62637395624
"1005","muI",24.8,470719422.86735,0.081,0.066,462.228978001284
"1006","muI",24.9,470240528.547976,0.081,0.066,470.991903417258
"1007","muI",25,469840004.24468,0.08,0.066,429.015642183162
"1008",NA,NA,NA,NA,NA,NA
"1009","rho",0,1e+07,0,NA,1.11111111111111
"1010","rho",0.1,1e+07,0,NA,1.11111111111111
"1011","rho",0.2,1e+07,0,NA,1.11111111111111
"1012","rho",0.3,1e+07,0,NA,1.11111111111111
"1013","rho",0.4,1e+07,0,NA,1.11111111111111
"1014","rho",0.5,1e+07,0,NA,1.11111111111111
"1015","rho",0.6,1e+07,0,NA,1.11111111111111
"1016","rho",0.7,1e+07,0,NA,1.11111111111111
"1017","rho",0.8,1e+07,0,NA,1.11111111111111
"1018","rho",0.9,1e+07,0,NA,1.11111111111111
"1019","rho",1,1e+07,0,NA,1.11111111111111
"1020","rho",1.1,1e+07,0,NA,1.11111111111111
"1021","rho",1.2,1e+07,0,NA,1.11111111111111
"1022","rho",1.3,1e+07,0,NA,1.11111111111111
"1023","rho",1.4,1e+07,0,NA,1.11111111111111
"1024","rho",1.5,1e+07,0,NA,1.11111111111111
"1025","rho",1.6,1e+07,0,NA,1.11111111111111
"1026","rho",1.7,1e+07,0,NA,1.11111111111111
"1027","rho",1.8,13290075.3702003,2.474,NA,1.75012471244341
"1028","rho",1.9,21076512.7027091,2.927,NA,3.11805727132823
"1029","rho",2,31550050.4972554,2.866,NA,5.17535000528975
"1030","rho",2.1,43703666.8920935,2.671,NA,7.86407819117473
"1031","rho",2.2,56832071.7037163,2.462,NA,11.1264210171446
"1032","rho",2.3,70461900.8006252,2.268,NA,14.8891223201833
"1033","rho",2.4,84277363.9836871,2.098,NA,19.1117407925414
"1034","rho",2.5,98067750.6354253,1.95,NA,23.7393171457231
"1035","rho",2.6,111692926.872615,1.822,NA,28.7538374147721
"1036","rho",2.7,125060840.339133,1.709,NA,34.0516262329405
"1037","rho",2.8,138112180.738189,1.61,NA,39.6445878335507
"1038","rho",2.9,150810696.852197,1.523,NA,45.5343173281214
"1039","rho",3,163135767.468719,1.445,NA,51.6025840288034
"1040","rho",3.1,175078238.465362,1.376,1.766,57.9744246520803
"1041","rho",3.2,186636149.75648,1.313,1.522,64.4041094306512
"1042","rho",3.3,197813608.160851,1.257,1.391,71.1776581504633
"1043","rho",3.4,208617487.475877,1.206,1.291,78.1074992231863
"1044","rho",3.5,219058047.698089,1.159,1.209,85.0695774701737
"1045","rho",3.6,229146403.956834,1.116,1.139,92.1740941247497
"1046","rho",3.7,238894841.703781,1.076,1.078,99.2122236650822
"1047","rho",3.8,248316379.233053,1.04,1.025,106.73042862898
"1048","rho",3.9,257423811.498965,1.006,0.978,114.034171650506
"1049","rho",4,266230059.358707,0.975,0.936,121.73845838593
"1050","rho",4.1,274747771.749534,0.946,0.898,129.465976584602
"1051","rho",4.2,282989674.896749,0.918,0.863,136.589080674754
"1052","rho",4.3,290967854.165205,0.893,0.831,144.693130531737
"1053","rho",4.4,298693324.430845,0.869,0.802,152.400758235084
"1054","rho",4.5,306176820.371495,0.847,0.775,160.721444107479
"1055","rho",4.6,313430226.59414,0.825,0.75,167.70212289549
"1056","rho",4.7,320462666.160082,0.805,0.727,175.541792111189
"1057","rho",4.8,327284195.441437,0.787,0.705,184.635153905065
"1058","rho",4.9,333904164.413829,0.769,0.685,192.48159282566
"1059","rho",5,340330733.450518,0.752,0.666,200.443851843305
"1060","rho",5.1,346572121.42098,0.736,0.648,208.670010019012
"1061","rho",5.2,352636000.545716,0.72,0.631,215.463380673669
"1062","rho",5.3,358531658.58637,0.706,0.616,224.630470435587
"1063","rho",5.4,364263971.35247,0.692,0.601,232.509058174608
"1064","rho",5.5,369840193.160461,0.679,0.587,241.221077153783
"1065","rho",5.6,375267224.13614,0.666,0.573,248.56411191294
"1066","rho",5.7,380550821.334148,0.654,0.561,256.998890149406
"1067","rho",5.8,385695355.701129,0.642,0.549,264.035502369189
"1068","rho",5.9,390709340.673916,0.631,0.537,272.487427454465
"1069","rho",6,395595987.326604,0.621,0.526,282.731493806521
"1070","rho",6.1,400359282.587224,0.61,0.516,288.439323736798
"1071","rho",6.2,405006591.570162,0.601,0.506,299.559160503781
"1072","rho",6.3,409540916.076648,0.591,0.497,305.844708434811
"1073","rho",6.4,413965908.152801,0.582,0.488,314.482915857977
"1074","rho",6.5,418285212.362633,0.573,0.479,321.780448372307
"1075","rho",6.6,422504665.990274,0.565,0.47,331.989215419215
"1076","rho",6.7,426625595.313743,0.557,0.462,341.032847015057
"1077","rho",6.8,430653835.679228,0.549,0.455,348.783136780278
"1078","rho",6.9,434591048.925071,0.541,0.447,355.126726990532
"1079","rho",7,438440774.033107,0.534,0.44,365.254123071147
"1080","rho",7.1,442205524.921945,0.527,0.433,374.221315802786
"1081","rho",7.2,445889829.846237,0.52,0.427,381.916013083466
"1082","rho",7.3,449495047.380554,0.513,0.42,388.239319553649
"1083","rho",7.4,453022879.096246,0.507,0.414,399.407686003511
"1084","rho",7.5,456477631.922292,0.5,0.408,402.937370139535
"1085","rho",7.6,459862229.502853,0.494,0.402,411.628639219297
"1086","rho",7.7,463176440.707368,0.488,0.397,419.087942782992
"1087","rho",7.8,466425310.237714,0.483,0.391,432.615656740429
"1088","rho",7.9,469610144.206309,0.477,0.386,437.599157773462
"1089","rho",8,472730033.598014,0.472,0.381,449.072913494564
"1090","rho",8.1,475789276.37762,0.466,0.376,451.266397035337
"1091","rho",8.2,478791863.105705,0.461,0.371,460.343854766916
"1092","rho",8.3,481736103.985616,0.456,0.367,468.271215944106
"1093","rho",8.4,484623479.851808,0.451,0.362,474.976205361593
"1094","rho",8.5,487460972.049328,0.447,0.358,489.855900902821
"1095","rho",8.6,490244819.980473,0.442,0.354,494.176468221077
"1096","rho",8.7,492975881.265454,0.438,0.35,507.215529777747
"1097","rho",8.8,495659855.919884,0.433,0.346,508.891291484681
"1098","rho",8.9,498296665.055037,0.429,0.342,519.786886416655
"1099","rho",9,500885468.834292,0.425,0.338,529.706874161591
"1100","rho",9.1,503429099.237667,0.421,0.334,538.580635451521
"1101","rho",9.2,505929414.265503,0.417,0.331,546.344186050992
"1102","rho",9.3,508387318.342773,0.413,0.327,552.941055394758
"1103","rho",9.4,510802779.792186,0.409,0.324,558.323059601635
"1104","rho",9.5,513174844.703398,0.405,0.32,562.450973070434
"1105","rho",9.6,515514279.141005,0.402,0.317,578.475413872881
"1106","rho",9.7,517810659.776197,0.398,0.314,580.222768017726
"1107","rho",9.8,520072425.895358,0.395,0.311,594.540564444413
"1108","rho",9.9,522292630.636996,0.391,0.308,593.737479200251
"1109","rho",10,524484971.13438,0.388,0.305,606.114015179714
"1110","rho",10.1,526639362.425608,0.385,0.302,617.6887213214
"1111","rho",10.2,528758525.810468,0.382,0.299,628.40126465166
"1112","rho",10.3,530844642.434959,0.379,0.296,638.195108434118
"1113","rho",10.4,532899368.061106,0.376,0.294,647.018063245395
"1114","rho",10.5,534923846.88219,0.373,0.291,654.822809889903
"1115","rho",10.6,536918723.533504,0.37,0.288,661.567377736325
"1116","rho",10.7,538884153.526523,0.367,0.286,667.215573360598
"1117","rho",10.8,540819812.159668,0.364,0.283,671.737356252501
"1118","rho",10.9,542724901.497878,0.361,0.281,675.109149736742
"1119","rho",11,544600558.431072,0.359,0.279,696.206952695274
"1120","rho",11.1,546456800.950273,0.356,0.276,697.461893579233
"1121","rho",11.2,548280279.216706,0.353,0.274,697.499443037764
"1122","rho",11.3,550080299.292948,0.351,0.272,716.406662799929
"1123","rho",11.4,551854806.386276,0.348,0.27,714.146771516954
"1124","rho",11.5,553604453.004475,0.346,0.267,731.6098850737
"1125","rho",11.6,555327961.096943,0.343,0.265,726.962786124417
"1126","rho",11.7,557032990.40861,0.341,0.263,742.803490692651
"1127","rho",11.8,558708461.658302,0.339,0.261,758.12973591529
"1128","rho",11.9,560364536.557023,0.336,0.259,749.793921374726
"1129","rho",12,562001634.143943,0.334,0.257,763.262361919382
"1130","rho",12.1,563613953.354163,0.332,0.255,776.083802124336
"1131","rho",12.2,565203185.263112,0.33,0.254,788.214710233565
"1132","rho",12.3,566770794.417814,0.328,0.252,799.613493098094
"1133","rho",12.4,568320159.130303,0.325,0.25,784.823593223502
"1134","rho",12.5,569852154.81966,0.323,0.248,794.083632781282
"1135","rho",12.6,571363767.685759,0.321,0.246,802.525401700619
"1136","rho",12.7,572855600.044136,0.319,0.245,810.119578276762
"1137","rho",12.8,574328055.019742,0.317,0.243,816.839870812564
"1138","rho",12.9,575781341.578771,0.315,0.241,822.663203972181
"1139","rho",13,577217044.253097,0.314,0.24,855.933839341157
"1140","rho",13.1,578639275.743379,0.312,0.238,860.291293042839
"1141","rho",13.2,580043857.648765,0.31,0.237,863.668203427332
"1142","rho",13.3,581430290.560435,0.308,0.235,866.054291823866
"1143","rho",13.4,582797898.481787,0.306,0.233,867.443183303331
"1144","rho",13.5,584145828.914823,0.304,0.232,867.832411820727
"1145","rho",13.6,585483611.248108,0.303,0.23,898.559049891365
"1146","rho",13.7,586807968.68623,0.301,0.229,897.129890752062
"1147","rho",13.8,588111276.949683,0.299,0.228,894.674734447071
"1148","rho",13.9,589397713.177279,0.298,0.226,924.251630457489
"1149","rho",14,590678947.03515,0.296,0.225,919.842502824772
"1150","rho",14.1,591936465.986422,0.294,0.223,914.411750467139
"1151","rho",14.2,593183979.426984,0.293,0.222,942.473482986593
"1152","rho",14.3,594418620.619091,0.291,0.221,935.003575829454
"1153","rho",14.4,595632451.042108,0.29,0.219,962.337310657145
"1154","rho",14.5,596843666.289288,0.288,0.218,952.771854724375
"1155","rho",14.6,598028706.069486,0.287,0.217,979.230898570706
"1156","rho",14.7,599215073.899126,0.285,0.216,967.53565858698
"1157","rho",14.8,600375446.880703,0.284,0.214,992.982332534457
"1158","rho",14.9,601534701.508212,0.282,0.213,979.146433656175
"1159","rho",15,602673810.42009,0.281,0.212,1003.45417100462
"1160","rho",15.1,603802862.264347,0.279,0.211,987.490830382846
"1161","rho",15.2,604923430.054924,0.278,0.21,1010.54608901522
"1162","rho",15.3,606020885.01206,0.277,0.208,1033.58299899266
"1163","rho",15.4,607122483.575394,0.275,0.207,1014.19672349724
"1164","rho",15.5,608205423.387886,0.274,0.206,1035.81300618292
"1165","rho",15.6,609268591.655697,0.273,0.205,1057.31312028818
"1166","rho",15.7,610337331.38913,0.271,0.204,1034.50239304679
"1167","rho",15.8,611388690.231105,0.27,0.203,1054.4403917265
"1168","rho",15.9,612422989.922712,0.269,0.202,1074.17056676636
"1169","rho",16,613451280.8602,0.267,0.201,1048.00940654137
"1170","rho",16.1,614475254.896786,0.266,0.2,1066.06723940786
"1171","rho",16.2,615484308.051068,0.265,0.199,1083.83432806503
"1172","rho",16.3,616479377.071653,0.264,0.198,1101.28387325619
"1173","rho",16.4,617461480.116136,0.262,0.197,1070.49162081086
"1174","rho",16.5,618447234.075911,0.261,0.196,1086.14809127338
"1175","rho",16.6,619420447.677666,0.26,0.195,1101.41735612881
"1176","rho",16.7,620381837.358128,0.259,0.194,1116.27529323358
"1177","rho",16.8,621332067.700689,0.258,0.193,1130.69821120694
"1178","rho",16.9,622271753.060417,0.257,0.192,1144.66292934375
"1179","rho",17,623201459.100767,0.256,0.191,1158.14685149949
"1180","rho",17.1,624122314.50261,0.254,0.19,1118.72313070069
"1181","rho",17.2,625042040.833713,0.253,0.189,1130.27309960821
"1182","rho",17.3,625952178.830696,0.252,0.188,1141.29960256618
"1183","rho",17.4,626853112.376421,0.251,0.187,1151.78455551447
"1184","rho",17.5,627745182.872112,0.25,0.187,1161.71075741033
"1185","rho",17.6,628628690.135448,0.249,0.186,1171.06192647258
"1186","rho",17.7,629503893.524618,0.248,0.185,1179.82276061675
"1187","rho",17.8,630371012.74551,0.247,0.184,1187.97897759451
"1188","rho",17.9,631230228.976797,0.246,0.183,1195.51736522054
"1189","rho",18,632081685.762132,0.245,0.182,1202.42582328831
"1190","rho",18.1,632925489.276238,0.244,0.182,1208.69338550848
"1191","rho",18.2,633761709.65811,0.243,0.181,1214.31027245206
"1192","rho",18.3,634590381.465728,0.242,0.18,1219.26790632416
"1193","rho",18.4,635411503.978397,0.241,0.179,1223.55894032586
"1194","rho",18.5,636225042.33622,0.24,0.178,1227.17728426081
"1195","rho",18.6,637030927.345654,0.239,0.178,1230.11811756283
"1196","rho",18.7,637829056.439567,0.238,0.177,1232.37789646415
"1197","rho",18.8,638619293.641876,0.237,0.176,1233.95436399672
"1198","rho",18.9,639408443.724455,0.237,0.175,1299.22252033837
"1199","rho",19,640193086.009684,0.236,0.175,1299.75818650617
"1200","rho",19.1,640970385.761285,0.235,0.174,1299.57026114046
"1201","rho",19.2,641740091.471835,0.234,0.173,1298.6611894646
"1202","rho",19.3,642501920.580911,0.233,0.173,1297.03477619617
"1203","rho",19.4,643255559.049594,0.232,0.172,1294.69613818407
"1204","rho",19.5,644000661.919266,0.231,0.171,1291.65172263925
"1205","rho",19.6,644736852.752117,0.23,0.17,1287.90924388419
"1206","rho",19.7,645476673.047392,0.23,0.17,1353.34637577879
"1207","rho",19.8,646212893.464276,0.229,0.169,1348.24356219622
"1208","rho",19.9,646940142.222051,0.228,0.168,1342.42803301147
"1209","rho",20,647657938.501489,0.227,0.168,1335.91255272087
"1210","rho",20.1,648365770.35422,0.226,0.167,1328.71106760724
"1211","rho",20.2,649067815.714548,0.226,0.167,1394.68325733136
"1212","rho",20.3,649778200.216645,0.225,0.166,1385.94565497566
"1213","rho",20.4,650478228.064166,0.224,0.165,1376.52429552169
"1214","rho",20.5,651167285.654674,0.223,0.165,1366.43804265731
"1215","rho",20.6,651844727.81008,0.222,0.164,1355.70676317177
"1216","rho",20.7,652528156.337724,0.222,0.163,1421.3732612076
"1217","rho",20.8,653209716.095603,0.221,0.163,1408.97094808842
"1218","rho",20.9,653878955.027158,0.22,0.162,1395.94336907443
"1219","rho",21,654535125.734029,0.219,0.162,1382.31482957257
"1220","rho",21.1,655198225.766745,0.219,0.161,1448.04184696107
"1221","rho",21.2,655859381.021128,0.218,0.16,1432.64584657097
"1222","rho",21.3,656506528.595606,0.217,0.16,1416.68246372422
"1223","rho",21.4,657139196.977071,0.217,0.159,1483.28300151381
"1224","rho",21.5,657791942.08428,0.216,0.159,1465.46846351356
"1225","rho",21.6,658429580.472726,0.215,0.158,1447.13052732371
"1226","rho",21.7,659051189.550258,0.214,0.158,1428.30035072563
"1227","rho",21.8,659681253.184481,0.214,0.157,1494.10126245306
"1228","rho",21.9,660308479.080695,0.213,0.156,1473.37260387628
"1229","rho",22,660918347.272757,0.212,0.156,1452.20859883577
"1230","rho",22.1,661530699.694778,0.212,0.155,1518.27555400092
"1231","rho",22.2,662146211.081387,0.211,0.155,1495.16448884171
"1232","rho",22.3,662742878.959679,0.21,0.154,1471.68460215624
"1233","rho",22.4,663342516.37115,0.21,0.154,1537.76862554704
"1234","rho",22.5,663944626.258092,0.209,0.153,1512.30846569793
"1235","rho",22.6,664526248.743051,0.208,0.153,1486.5550962683
"1236","rho",22.7,665117852.97876,0.208,0.152,1552.40759301817
"1237","rho",22.8,665704499.310958,0.207,0.152,1524.65671862775
"1238","rho",22.9,666268852.781619,0.206,0.151,1496.6965144013
"1239","rho",23,666856828.816538,0.206,0.151,1562.07231559848
"1240","rho",23.1,667425579.033982,0.205,0.15,1532.11365556644
"1241","rho",23.2,667985517.55191,0.205,0.15,1598.6974867675
"1242","rho",23.3,668558574.819232,0.204,0.149,1566.69716662934
"1243","rho",23.4,669106627.346149,0.203,0.149,1534.63727338951
"1244","rho",23.5,669669854.738576,0.203,0.148,1600.34791525629
"1245","rho",23.6,670221266.95449,0.202,0.148,1566.27184111679
"1246","rho",23.7,670761255.492282,0.202,0.147,1632.9679363576
"1247","rho",23.8,671315750.325634,0.201,0.147,1596.84793166668
"1248","rho",23.9,671842146.636085,0.2,0.146,1560.84096117291
"1249","rho",24,672391678.184952,0.2,0.146,1626.27488310135
"1250","rho",24.1,672919902.879765,0.199,0.145,1588.27604638259
"1251","rho",24.2,673450494.981284,0.199,0.145,1654.46455677989
"1252","rho",24.3,673980096.247934,0.198,0.145,1614.46235989452
"1253","rho",24.4,674493496.222524,0.198,0.144,1681.33186285451
"1254","rho",24.5,675023959.767451,0.197,0.144,1639.32082174007
"1255","rho",24.6,675521835.867244,0.197,0.143,1706.79514655266
"1256","rho",24.7,676052586.259287,0.196,0.143,1662.77590791871
"1257","rho",24.8,676549615.37452,0.195,0.142,1619.23116949447
"1258","rho",24.9,677066935.718337,0.195,0.142,1684.75624539321
"1259","rho",25,677562486.627007,0.194,0.142,1639.30163106133
